ts_code,trade_date,open,high,low,close,pre_close,change,pct_chg,vol,amount,raw_close,qfq_multiplier,adjustment,source
002975.SZ,20250714,25.78,25.99,25.58,25.89,25.78,0.11,0.4267,17153.0,57524.74,33.71,0.7680213586,qfq,eastmoney
002975.SZ,20250715,25.73,27.08,25.65,26.65,25.89,0.76,2.9355,49743.0,171600.15773,34.69,0.7682329201,qfq,eastmoney
002975.SZ,20250716,27.12,27.39,26.71,26.93,26.65,0.28,1.0507,50874.0,179212.42208,35.06,0.7681118083,qfq,eastmoney
002975.SZ,20250717,26.82,27.56,26.47,27.19,26.93,0.26,0.9655,40772.0,143511.30121,35.4,0.768079096,qfq,eastmoney
002975.SZ,20250718,27.12,27.23,26.66,26.74,27.19,-0.45,-1.655,22494.0,78665.30738,34.81,0.7681700661,qfq,eastmoney
002975.SZ,20250721,26.75,26.93,26.48,26.74,26.74,0.0,0.0,21193.0,73654.1631,34.81,0.7681700661,qfq,eastmoney
002975.SZ,20250722,26.72,27.02,26.52,26.71,26.74,-0.03,-0.1122,21645.0,75432.53583,34.77,0.7681909692,qfq,eastmoney
002975.SZ,20250723,26.58,26.71,26.13,26.19,26.71,-0.52,-1.9468,20842.0,71329.95637,34.1,0.7680351906,qfq,eastmoney
002975.SZ,20250724,26.19,27.04,26.16,26.66,26.19,0.47,1.7946,21754.0,75482.85608,34.71,0.7680783636,qfq,eastmoney
002975.SZ,20250725,26.58,29.33,26.58,29.33,26.66,2.67,10.015,94582.0,348657.73641,38.18,0.7682032478,qfq,eastmoney
002975.SZ,20250728,29.13,30.86,29.07,30.73,29.33,1.4,4.7733,153688.0,605104.79207,39.99,0.7684421105,qfq,eastmoney
002975.SZ,20250729,30.31,31.26,30.11,30.4,30.73,-0.33,-1.0739,82188.0,326009.94447,39.57,0.7682587819,qfq,eastmoney
002975.SZ,20250730,30.39,31.71,29.93,30.68,30.4,0.28,0.9211,83270.0,334950.19962,39.93,0.7683446031,qfq,eastmoney
002975.SZ,20250731,32.76,33.76,30.05,30.45,30.68,-0.23,-0.7497,237984.0,1019151.28067,39.63,0.7683573051,qfq,eastmoney
002975.SZ,20250801,29.9,31.91,29.83,30.5,30.45,0.05,0.1642,140244.0,564540.93585,39.7,0.7682619647,qfq,eastmoney
002975.SZ,20250804,29.97,32.48,29.62,32.15,30.5,1.65,5.4098,119493.0,485272.48929,41.84,0.7684034417,qfq,eastmoney
002975.SZ,20250805,32.32,33.04,31.85,32.52,32.15,0.37,1.1509,109125.0,459897.69571,42.31,0.7686126211,qfq,eastmoney
002975.SZ,20250806,32.53,35.77,32.53,35.77,32.52,3.25,9.9938,137379.0,612615.32628,46.54,0.7685861624,qfq,eastmoney
002975.SZ,20250807,35.78,39.13,35.17,37.74,35.77,1.97,5.5074,188463.0,911921.97483,49.1,0.7686354379,qfq,eastmoney
002975.SZ,20250808,36.13,37.08,35.36,35.6,37.74,-2.14,-5.6704,120907.0,569755.97876,46.31,0.7687324552,qfq,eastmoney
002975.SZ,20250811,35.27,35.35,33.44,33.82,35.6,-1.78,-5.0,141402.0,626433.13402,44.01,0.7684617132,qfq,eastmoney
002975.SZ,20250812,33.82,33.92,33.19,33.82,33.82,0.0,0.0,72595.0,316184.02496,44.0,0.7686363636,qfq,eastmoney
002975.SZ,20250813,34.02,37.21,33.19,37.21,33.82,3.39,10.0237,135014.0,619033.44901,48.4,0.7688016529,qfq,eastmoney
002975.SZ,20250814,38.47,40.09,36.13,37.28,37.21,0.07,0.1881,182740.0,902478.33049,48.5,0.7686597938,qfq,eastmoney
002975.SZ,20250815,37.51,38.73,36.52,38.48,37.28,1.2,3.2189,122710.0,605813.74622,50.05,0.7688311688,qfq,eastmoney
002975.SZ,20250818,39.29,40.74,38.31,38.66,38.48,0.18,0.4678,139570.0,717447.94463,50.29,0.7687413005,qfq,eastmoney
002975.SZ,20250819,38.45,39.69,37.93,38.75,38.66,0.09,0.2328,86189.0,434135.50776,50.4,0.7688492063,qfq,eastmoney
002975.SZ,20250820,37.67,38.6,36.78,37.1,38.75,-1.65,-4.2581,87247.0,424328.69295,48.26,0.7687525901,qfq,eastmoney
002975.SZ,20250821,36.99,37.24,35.97,36.71,37.1,-0.39,-1.0512,60086.0,286174.68971,47.76,0.7686348409,qfq,eastmoney
002975.SZ,20250822,36.74,36.9,35.97,36.0,36.71,-0.71,-1.9341,59872.0,281958.02769,46.83,0.7687379885,qfq,eastmoney
002975.SZ,20250825,36.32,38.42,36.13,36.91,36.0,0.91,2.5278,94093.0,455462.04151,48.02,0.7686380675,qfq,eastmoney
002975.SZ,20250826,36.21,36.92,36.21,36.47,36.91,-0.44,-1.1921,45374.0,215740.45027,47.44,0.7687605396,qfq,eastmoney
002975.SZ,20250827,36.44,37.56,35.59,35.59,36.47,-0.88,-2.4129,59605.0,284433.47853,46.3,0.7686825054,qfq,eastmoney
002975.SZ,20250828,35.33,36.71,34.83,36.67,35.59,1.08,3.0346,59702.0,278419.94866,47.71,0.7686019702,qfq,eastmoney
002975.SZ,20250829,36.13,37.02,35.74,36.9,36.67,0.23,0.6272,49309.0,234109.14754,48.0,0.76875,qfq,eastmoney
002975.SZ,20250901,40.59,40.59,40.59,40.59,36.9,3.69,10.0,39204.0,206998.0176,52.8,0.76875,qfq,eastmoney
002975.SZ,20250902,44.66,44.66,44.66,44.66,40.59,4.07,10.0271,20087.0,116667.6192,58.08,0.7689393939,qfq,eastmoney
002975.SZ,20250903,49.14,49.14,46.09,49.14,44.66,4.48,10.0313,252854.0,1592918.38539,63.89,0.7691344498,qfq,eastmoney
002975.SZ,20250904,50.08,52.29,46.61,48.29,49.14,-0.85,-1.7298,281741.0,1803908.00237,62.79,0.7690715082,qfq,eastmoney
002975.SZ,20250905,47.53,47.72,43.47,45.83,48.29,-2.46,-5.0942,194036.0,1137607.98498,59.6,0.7689597315,qfq,eastmoney
002975.SZ,20250908,49.04,49.04,43.06,44.29,45.83,-1.54,-3.3602,152322.0,889137.78726,57.6,0.7689236111,qfq,eastmoney
002975.SZ,20250909,43.84,44.88,42.45,43.06,44.29,-1.23,-2.7772,93471.0,529044.92848,56.0,0.7689285714,qfq,eastmoney
002975.SZ,20250910,44.41,47.37,43.14,47.37,43.06,4.31,10.0093,158095.0,935108.60837,61.6,0.7689935065,qfq,eastmoney
002975.SZ,20250911,47.73,48.87,46.37,48.2,47.37,0.83,1.7522,192172.0,1190990.90211,62.68,0.7689853223,qfq,eastmoney
002975.SZ,20250912,48.69,49.58,46.83,47.63,48.2,-0.57,-1.1826,147058.0,924751.40602,61.93,0.7690941385,qfq,eastmoney
002975.SZ,20250915,46.45,47.63,46.09,46.96,47.63,-0.67,-1.4067,92453.0,563205.12048,61.06,0.7690795938,qfq,eastmoney
002975.SZ,20250916,46.91,48.97,46.14,47.51,46.96,0.55,1.1712,110684.0,687458.47,61.78,0.7690191,qfq,eastmoney
002975.SZ,20250917,47.07,49.49,46.53,48.79,47.51,1.28,2.6942,127249.0,795400.51587,63.44,0.76907314,qfq,eastmoney
002975.SZ,20250918,51.0,53.67,49.61,53.67,48.79,4.88,10.002,215829.0,1476851.50573,69.78,0.7691315563,qfq,eastmoney
002975.SZ,20250919,52.92,52.92,48.3,48.3,53.67,-5.37,-10.0056,184435.0,1197465.37178,62.8,0.7691082803,qfq,eastmoney
002975.SZ,20250922,48.3,49.51,47.72,49.14,48.3,0.84,1.7391,95633.0,606987.57935,63.9,0.7690140845,qfq,eastmoney
002975.SZ,20250923,50.38,50.61,45.75,46.83,49.14,-2.31,-4.7009,105953.0,655746.27966,60.9,0.7689655172,qfq,eastmoney
002975.SZ,20250924,46.15,47.91,45.22,47.56,46.83,0.73,1.5588,77672.0,476860.52098,61.84,0.7690815006,qfq,eastmoney
002975.SZ,20250925,47.56,49.47,47.42,47.85,47.56,0.29,0.6098,58300.0,365317.29313,62.22,0.769045323,qfq,eastmoney
002975.SZ,20250926,47.3,48.03,45.96,45.96,47.85,-1.89,-3.9498,54569.0,330883.46816,59.76,0.7690763052,qfq,eastmoney
002975.SZ,20250929,45.41,47.06,45.41,46.49,45.96,0.53,1.1532,33720.0,202526.32452,60.45,0.7690653433,qfq,eastmoney
002975.SZ,20250930,46.6,47.3,45.53,46.39,46.49,-0.1,-0.2151,46448.0,280085.85363,60.32,0.7690649867,qfq,eastmoney
002975.SZ,20251009,46.16,46.77,45.23,45.91,46.39,-0.48,-1.0347,47799.0,285966.8405,59.7,0.7690117253,qfq,eastmoney
002975.SZ,20251010,45.54,47.85,45.28,45.39,45.91,-0.52,-1.1327,45976.0,277852.427,59.02,0.7690613351,qfq,eastmoney
002975.SZ,20251013,41.85,44.87,41.52,44.52,45.39,-0.87,-1.9167,48770.0,275980.7272,57.9,0.7689119171,qfq,eastmoney
002975.SZ,20251014,44.61,45.22,42.74,42.94,44.52,-1.58,-3.549,41993.0,238687.396,55.84,0.768982808,qfq,eastmoney
002975.SZ,20251015,43.71,44.14,42.75,44.14,42.94,1.2,2.7946,31807.0,180663.64483,57.4,0.768989547,qfq,eastmoney
002975.SZ,20251016,44.14,44.15,42.99,43.3,44.14,-0.84,-1.903,22589.0,128026.7276,56.31,0.7689575564,qfq,eastmoney
002975.SZ,20251017,43.32,43.43,41.06,41.12,43.3,-2.18,-5.0346,36204.0,196856.03592,53.48,0.7688855647,qfq,eastmoney
002975.SZ,20251020,41.71,42.6,41.54,41.9,41.12,0.78,1.8969,25712.0,140731.1644,54.5,0.7688073394,qfq,eastmoney
002975.SZ,20251021,42.13,43.57,41.78,43.1,41.9,1.2,2.864,33854.0,188247.2525,56.05,0.768956289,qfq,eastmoney
002975.SZ,20251022,42.95,43.29,42.48,42.74,43.1,-0.36,-0.8353,19530.0,108589.46994,55.58,0.7689816481,qfq,eastmoney
002975.SZ,20251023,42.31,42.81,41.38,42.25,42.74,-0.49,-1.1465,21271.0,115618.893,54.95,0.7688808007,qfq,eastmoney
002975.SZ,20251024,42.21,43.68,42.21,43.52,42.25,1.27,3.0059,29939.0,167884.9577,56.6,0.7689045936,qfq,eastmoney
002975.SZ,20251027,44.6,46.97,43.68,45.63,43.52,2.11,4.8483,68265.0,402255.735,59.34,0.768958544,qfq,eastmoney
002975.SZ,20251028,45.64,47.11,45.37,46.82,45.63,1.19,2.6079,54491.0,329548.416,60.88,0.7690538765,qfq,eastmoney
002975.SZ,20251029,46.36,48.61,45.99,48.15,46.82,1.33,2.8407,66300.0,411496.58254,62.61,0.7690464782,qfq,eastmoney
002975.SZ,20251030,52.97,52.97,52.15,52.97,48.15,4.82,10.0104,50550.0,348084.88519,68.87,0.7691302454,qfq,eastmoney
002975.SZ,20251031,53.83,58.28,50.68,55.59,52.97,2.62,4.9462,190164.0,1334452.99234,72.27,0.7691988377,qfq,eastmoney
002975.SZ,20251103,54.52,55.0,52.13,54.23,55.59,-1.36,-2.4465,114414.0,794548.0652,70.5,0.7692198582,qfq,eastmoney
002975.SZ,20251104,53.13,54.61,52.69,53.32,54.23,-0.91,-1.678,70670.0,490722.5447,69.32,0.769186382,qfq,eastmoney
002975.SZ,20251105,50.77,53.86,50.77,53.33,53.32,0.01,0.0188,70944.0,486644.832,69.33,0.769219674,qfq,eastmoney
002975.SZ,20251106,53.33,58.66,53.33,58.66,53.33,5.33,9.9944,115158.0,849922.25076,76.26,0.7692105953,qfq,eastmoney
002975.SZ,20251107,59.08,60.39,57.69,58.22,58.66,-0.44,-0.7501,91587.0,699782.04553,75.68,0.7692917548,qfq,eastmoney
002975.SZ,20251110,58.29,59.23,56.75,58.51,58.22,0.29,0.4981,65023.0,489778.11561,76.06,0.7692611097,qfq,eastmoney
002975.SZ,20251111,58.57,60.27,56.83,57.55,58.51,-0.96,-1.6407,55297.0,417631.87092,74.81,0.7692821815,qfq,eastmoney
002975.SZ,20251112,56.67,61.37,56.34,61.0,57.55,3.45,5.9948,97702.0,751321.89488,79.3,0.7692307692,qfq,eastmoney
002975.SZ,20251113,59.89,61.14,58.23,60.14,61.0,-0.86,-1.4098,70289.0,545264.33074,78.18,0.7692504477,qfq,eastmoney
002975.SZ,20251114,57.79,58.66,55.98,56.69,60.14,-3.45,-5.7366,70398.0,523076.21164,73.7,0.7691994573,qfq,eastmoney
002975.SZ,20251117,55.38,58.27,54.92,56.77,56.69,0.08,0.1411,58272.0,431683.3834,73.8,0.7692411924,qfq,eastmoney
002975.SZ,20251118,56.01,57.83,55.67,56.65,56.77,-0.12,-0.2114,41615.0,305097.84845,73.64,0.7692829984,qfq,eastmoney
002975.SZ,20251119,56.54,57.08,55.15,56.01,56.65,-0.64,-1.1297,35802.0,260148.50208,72.82,0.769156825,qfq,eastmoney
002975.SZ,20251120,57.84,58.41,55.39,56.28,56.01,0.27,0.4821,46781.0,342974.39356,73.17,0.7691676917,qfq,eastmoney
002975.SZ,20251121,53.88,55.36,53.43,53.5,56.28,-2.78,-4.9396,43878.0,309437.15517,69.55,0.7692307692,qfq,eastmoney
002975.SZ,20251124,54.29,54.53,52.65,53.84,53.5,0.34,0.6355,40352.0,280868.4464,70.0,0.7691428571,qfq,eastmoney
002975.SZ,20251125,54.4,59.23,53.97,59.23,53.84,5.39,10.0111,64605.0,487273.38641,77.0,0.7692207792,qfq,eastmoney
002975.SZ,20251126,60.0,61.42,58.46,59.26,59.23,0.03,0.0507,106898.0,832094.42488,77.03,0.7693106582,qfq,eastmoney
002975.SZ,20251127,59.44,65.19,59.44,63.85,59.26,4.59,7.7455,172204.0,1421838.33303,83.0,0.7692771084,qfq,eastmoney
002975.SZ,20251128,62.65,63.08,60.03,61.35,63.85,-2.5,-3.9154,114911.0,913370.62586,79.75,0.7692789969,qfq,eastmoney
002975.SZ,20251201,60.0,60.72,58.46,58.99,61.35,-2.36,-3.8468,78982.0,608455.93415,76.68,0.7693009911,qfq,eastmoney
002975.SZ,20251202,58.63,58.75,56.91,57.55,58.99,-1.44,-2.4411,53217.0,398482.13984,74.82,0.7691793638,qfq,eastmoney
002975.SZ,20251203,57.38,58.06,56.5,57.6,57.55,0.05,0.0869,51051.0,378883.149,74.88,0.7692307692,qfq,eastmoney
002975.SZ,20251204,57.81,58.16,55.47,55.62,57.6,-1.98,-3.4375,64028.0,469974.2985,72.31,0.7691882174,qfq,eastmoney
002975.SZ,20251205,55.61,58.6,54.83,56.46,55.62,0.84,1.5102,74285.0,548767.143,73.4,0.7692098093,qfq,eastmoney
002975.SZ,20251208,56.52,58.66,55.84,58.04,56.46,1.58,2.7984,63319.0,474311.665,75.45,0.7692511597,qfq,eastmoney
002975.SZ,20251209,56.15,59.85,55.82,59.31,58.04,1.27,2.1881,93062.0,703316.3796,77.1,0.7692607004,qfq,eastmoney
002975.SZ,20251210,59.3,59.31,55.73,58.43,59.31,-0.88,-1.4837,77352.0,577297.79619,75.96,0.7692206424,qfq,eastmoney
002975.SZ,20251211,59.08,59.08,56.55,56.64,58.43,-1.79,-3.0635,40922.0,305643.863,73.63,0.7692516637,qfq,eastmoney
002975.SZ,20251212,56.54,56.71,54.65,55.83,56.64,-0.81,-1.4301,53844.0,389776.215,72.58,0.7692201708,qfq,eastmoney
002975.SZ,20251215,55.11,55.23,53.63,54.36,55.83,-1.47,-2.633,42847.0,302848.27374,70.67,0.7692089996,qfq,eastmoney
002975.SZ,20251216,53.85,54.5,52.38,53.15,54.36,-1.21,-2.2259,32028.0,221501.968,69.1,0.7691751085,qfq,eastmoney
002975.SZ,20251217,53.67,57.5,53.26,57.5,53.15,4.35,8.1844,77097.0,556255.13244,74.75,0.7692307692,qfq,eastmoney
002975.SZ,20251218,56.15,57.28,54.82,56.43,57.5,-1.07,-1.8609,66826.0,489011.293,73.36,0.7692202835,qfq,eastmoney
002975.SZ,20251219,57.45,57.45,55.85,56.45,56.43,0.02,0.0354,42923.0,316777.789,73.39,0.7691783622,qfq,eastmoney
002975.SZ,20251222,57.32,60.17,57.15,58.99,56.45,2.54,4.4996,65787.0,506887.84613,76.68,0.7693009911,qfq,eastmoney
002975.SZ,20251223,58.91,61.07,58.58,60.47,58.99,1.48,2.5089,65103.0,508721.40548,78.6,0.7693384224,qfq,eastmoney
002975.SZ,20251224,61.55,63.43,60.47,62.74,60.47,2.27,3.7539,96754.0,780626.74265,81.55,0.7693439608,qfq,eastmoney
002975.SZ,20251225,61.63,63.32,61.6,62.62,62.74,-0.12,-0.1913,54522.0,441864.70736,81.4,0.7692874693,qfq,eastmoney
002975.SZ,20251226,62.01,63.43,61.43,61.63,62.62,-0.99,-1.581,41746.0,336869.73183,80.11,0.7693171889,qfq,eastmoney
002975.SZ,20251229,61.36,61.59,59.91,60.46,61.63,-1.17,-1.8984,47170.0,371811.3036,78.59,0.7693090724,qfq,eastmoney
002975.SZ,20251230,60.33,61.35,59.79,60.23,60.46,-0.23,-0.3804,34613.0,271847.88955,78.3,0.7692209451,qfq,eastmoney
002975.SZ,20251231,60.51,61.07,59.05,59.23,60.23,-1.0,-1.6603,34717.0,269004.2258,77.0,0.7692207792,qfq,eastmoney
002975.SZ,20260105,59.58,64.05,59.58,63.28,59.23,4.05,6.8378,76910.0,626556.73274,82.25,0.7693617021,qfq,eastmoney
002975.SZ,20260106,63.21,63.61,61.45,61.91,63.28,-1.37,-2.165,49865.0,403848.43972,80.48,0.7692594433,qfq,eastmoney
002975.SZ,20260107,61.37,64.62,61.24,63.12,61.91,1.21,1.9545,50124.0,411177.92998,82.05,0.7692870201,qfq,eastmoney
002975.SZ,20260108,63.08,65.01,61.94,62.59,63.12,-0.53,-0.8397,51318.0,423879.22176,81.36,0.7692969518,qfq,eastmoney
002975.SZ,20260109,61.94,62.5,60.77,60.97,62.59,-1.62,-2.5883,47650.0,379651.50615,79.26,0.7692404744,qfq,eastmoney
002975.SZ,20260112,61.54,62.16,59.67,61.31,60.97,0.34,0.5577,47942.0,379446.331,79.7,0.769259724,qfq,eastmoney
002975.SZ,20260113,61.02,61.8,59.23,59.52,61.31,-1.79,-2.9196,45546.0,357531.56594,77.37,0.7692904226,qfq,eastmoney
002975.SZ,20260114,59.74,60.14,57.91,59.02,59.52,-0.5,-0.8401,51231.0,392279.339,76.72,0.7692909281,qfq,eastmoney
002975.SZ,20260115,58.11,59.97,57.92,59.97,59.02,0.95,1.6096,36221.0,278777.595,77.96,0.7692406362,qfq,eastmoney
002975.SZ,20260116,60.6,63.84,60.3,63.33,59.97,3.36,5.6028,86965.0,704120.92613,82.32,0.7693148688,qfq,eastmoney
002975.SZ,20260119,63.48,64.84,62.08,63.66,63.33,0.33,0.5211,51492.0,426964.671,82.75,0.769305136,qfq,eastmoney
002975.SZ,20260120,63.68,64.78,62.22,63.08,63.66,-0.58,-0.9111,58193.0,477670.28993,82.0,0.7692682927,qfq,eastmoney
002975.SZ,20260121,62.52,65.98,61.98,64.46,63.08,1.38,2.1877,59221.0,492609.63611,83.78,0.7693960372,qfq,eastmoney
002975.SZ,20260122,64.59,66.35,62.1,64.27,64.46,-0.19,-0.2948,44844.0,369668.54532,83.44,0.7702540748,qfq,eastmoney
002975.SZ,20260123,63.2,66.24,62.89,65.44,64.27,1.17,1.8204,58766.0,492125.14461,84.96,0.7702448211,qfq,eastmoney
002975.SZ,20260126,66.68,70.09,63.5,64.62,65.44,-0.82,-1.2531,84770.0,735447.30407,83.9,0.7702026222,qfq,eastmoney
002975.SZ,20260127,64.7,65.91,61.62,64.86,64.62,0.24,0.3714,58182.0,482054.40064,84.21,0.7702173139,qfq,eastmoney
002975.SZ,20260128,65.35,65.43,62.48,63.77,64.86,-1.09,-1.6805,56628.0,469344.245,82.8,0.7701690821,qfq,eastmoney
002975.SZ,20260129,63.35,65.47,61.23,61.78,63.77,-1.99,-3.1206,64484.0,525541.31027,80.21,0.7702281511,qfq,eastmoney
002975.SZ,20260130,61.32,63.68,60.08,63.66,61.78,1.88,3.0431,61032.0,492941.34494,82.66,0.7701427534,qfq,eastmoney
002975.SZ,20260202,63.03,65.61,59.27,59.29,63.66,-4.37,-6.8646,86459.0,689270.297,76.98,0.770200052,qfq,eastmoney
002975.SZ,20260203,60.2,62.0,58.71,61.63,59.29,2.34,3.9467,67822.0,533963.15499,80.02,0.7701824544,qfq,eastmoney
002975.SZ,20260204,61.4,62.32,60.69,61.65,61.63,0.02,0.0325,46657.0,372532.05628,80.05,0.7701436602,qfq,eastmoney
002975.SZ,20260205,61.62,61.87,58.79,59.92,61.65,-1.73,-2.8062,44299.0,344543.04133,77.8,0.7701799486,qfq,eastmoney
002975.SZ,20260206,59.25,61.46,58.46,58.89,59.92,-1.03,-1.719,36904.0,286369.19004,76.46,0.770206644,qfq,eastmoney
002975.SZ,20260209,60.06,60.6,58.34,59.46,58.89,0.57,0.9679,49713.0,384396.15545,77.2,0.7702072539,qfq,eastmoney
002975.SZ,20260210,58.85,60.48,58.85,59.28,59.46,-0.18,-0.3027,35582.0,275595.98045,76.97,0.7701701962,qfq,eastmoney
002975.SZ,20260211,59.21,59.62,57.67,58.13,59.28,-1.15,-1.9399,36574.0,276786.445,75.48,0.7701377848,qfq,eastmoney
002975.SZ,20260212,58.54,63.95,58.54,63.95,58.13,5.82,10.012,84093.0,685570.11859,83.03,0.7702035409,qfq,eastmoney
002975.SZ,20260213,63.93,67.16,62.39,64.63,63.95,0.68,1.0633,99968.0,849441.25491,83.91,0.7702300083,qfq,eastmoney
002975.SZ,20260224,65.47,65.74,62.6,62.89,64.63,-1.74,-2.6922,64024.0,528169.75978,81.65,0.7702388242,qfq,eastmoney
002975.SZ,20260225,62.89,64.39,62.06,64.39,62.89,1.5,2.3851,62784.0,516961.17264,83.6,0.770215311,qfq,eastmoney
002975.SZ,20260226,64.41,67.72,64.0,66.78,64.39,2.39,3.7118,73130.0,627622.99447,86.71,0.7701533848,qfq,eastmoney
002975.SZ,20260227,65.16,65.19,61.89,62.83,66.78,-3.95,-5.9149,89111.0,728503.11952,81.57,0.7702586735,qfq,eastmoney
002975.SZ,20260302,61.56,63.51,60.93,61.33,62.83,-1.5,-2.3874,60432.0,488376.494,79.63,0.7701871154,qfq,eastmoney
002975.SZ,20260303,61.82,65.81,61.17,61.31,61.33,-0.02,-0.0326,68625.0,560676.1692,79.6,0.7702261307,qfq,eastmoney
002975.SZ,20260304,59.73,62.04,58.77,60.66,61.31,-0.65,-1.0602,39684.0,311786.01396,78.76,0.7701879126,qfq,eastmoney
002975.SZ,20260305,61.64,62.5,60.2,60.63,60.66,-0.03,-0.0495,45793.0,365684.86652,78.72,0.7701981707,qfq,eastmoney
002975.SZ,20260306,60.08,61.29,59.31,59.68,60.63,-0.95,-1.5669,35466.0,276421.2868,77.49,0.7701638921,qfq,eastmoney
002975.SZ,20260309,58.03,58.09,55.12,56.85,59.68,-2.83,-4.742,52149.0,380714.8314,73.81,0.7702208373,qfq,eastmoney
002975.SZ,20260310,58.26,60.15,58.26,59.47,56.85,2.62,4.6086,42652.0,328852.78888,77.22,0.7701372701,qfq,eastmoney
002975.SZ,20260311,59.31,62.99,59.31,59.78,59.47,0.31,0.5213,50487.0,398734.327,77.61,0.7702615642,qfq,eastmoney
002975.SZ,20260312,60.29,61.58,59.0,60.69,59.78,0.91,1.5222,46736.0,365954.208,78.8,0.770177665,qfq,eastmoney
002975.SZ,20260313,60.08,60.45,57.77,57.81,60.69,-2.88,-4.7454,34763.0,264907.987,75.06,0.7701838529,qfq,eastmoney
002975.SZ,20260316,57.76,57.84,56.01,57.26,57.81,-0.55,-0.9514,29559.0,217701.588,74.34,0.7702448211,qfq,eastmoney
002975.SZ,20260317,57.75,57.83,54.38,54.45,57.26,-2.81,-4.9074,47525.0,340836.04,70.69,0.7702645353,qfq,eastmoney
002975.SZ,20260318,54.73,57.38,54.38,56.99,54.45,2.54,4.6648,38517.0,279470.10044,74.0,0.7701351351,qfq,eastmoney
002975.SZ,20260319,56.09,57.24,55.58,55.86,56.99,-1.13,-1.9828,33167.0,243209.9189,72.53,0.77016407,qfq,eastmoney
002975.SZ,20260320,56.26,57.45,54.38,54.38,55.86,-1.48,-2.6495,31372.0,227198.04728,70.61,0.7701458717,qfq,eastmoney
002975.SZ,20260323,53.14,53.53,50.53,50.79,54.38,-3.59,-6.6017,47060.0,316544.5146,65.95,0.7701288855,qfq,eastmoney
002975.SZ,20260324,52.15,52.74,50.68,52.73,50.79,1.94,3.8196,29296.0,196367.14695,68.46,0.7702307917,qfq,eastmoney
002975.SZ,20260325,53.51,56.12,53.07,55.21,52.73,2.48,4.7032,41312.0,295823.33436,71.68,0.7702287946,qfq,eastmoney
002975.SZ,20260326,55.24,55.72,54.08,54.49,55.21,-0.72,-1.3041,21545.0,153491.139,70.75,0.7701766784,qfq,eastmoney
002975.SZ,20260327,53.65,56.11,52.91,55.19,54.49,0.7,1.2846,25672.0,182363.19779,71.66,0.7701646665,qfq,eastmoney
002975.SZ,20260330,54.38,57.03,53.91,55.53,55.19,0.34,0.6161,30224.0,216542.83658,72.1,0.7701803051,qfq,eastmoney
002975.SZ,20260331,55.52,55.96,54.0,54.07,55.53,-1.46,-2.6292,30164.0,214792.6421,70.2,0.7702279202,qfq,eastmoney
002975.SZ,20260401,55.58,56.27,54.44,55.12,54.07,1.05,1.9419,30306.0,216869.58,71.56,0.7702627166,qfq,eastmoney
002975.SZ,20260402,54.84,54.9,53.15,53.48,55.12,-1.64,-2.9753,25153.0,175849.551,69.44,0.7701612903,qfq,eastmoney
002975.SZ,20260403,53.7,54.21,53.3,53.34,53.48,-0.14,-0.2618,18741.0,130723.23749,69.26,0.7701414958,qfq,eastmoney
002975.SZ,20260407,54.58,56.22,54.58,55.32,53.34,1.98,3.712,41467.0,299529.63423,71.82,0.7702589808,qfq,eastmoney
002975.SZ,20260408,56.79,60.85,56.39,60.85,55.32,5.53,9.9964,104622.0,806382.30337,79.0,0.7702531646,qfq,eastmoney
002975.SZ,20260409,64.09,66.93,62.97,66.93,60.85,6.08,9.9918,114849.0,982113.7088,86.9,0.7701956272,qfq,eastmoney
002975.SZ,20260410,66.73,69.83,66.64,68.26,66.93,1.33,1.9872,229108.0,2037508.17458,88.63,0.7701681146,qfq,eastmoney
002975.SZ,20260413,68.39,71.63,67.03,67.98,68.26,-0.28,-0.4102,132089.0,1179963.8563,88.26,0.7702243372,qfq,eastmoney
002975.SZ,20260414,68.0,68.39,66.53,67.16,67.98,-0.82,-1.2062,93012.0,812731.51612,87.2,0.7701834862,qfq,eastmoney
002975.SZ,20260415,67.56,69.99,66.81,66.95,67.16,-0.21,-0.3127,91552.0,816272.3695,86.92,0.7702485044,qfq,eastmoney
002975.SZ,20260416,66.75,70.6,66.36,70.0,66.95,3.05,4.5556,107134.0,957414.59791,90.88,0.7702464789,qfq,eastmoney
002975.SZ,20260417,73.94,77.0,70.09,77.0,70.0,7.0,10.0,136934.0,1315139.35783,99.97,0.7702310693,qfq,eastmoney
002975.SZ,20260420,75.48,75.86,71.11,73.25,77.0,-3.75,-4.8701,162521.0,1546226.14206,95.1,0.7702418507,qfq,eastmoney
002975.SZ,20260421,71.78,77.87,71.02,76.12,73.25,2.87,3.9181,156058.0,1522635.31171,98.83,0.7702114742,qfq,eastmoney
002975.SZ,20260422,76.13,81.79,76.13,81.29,76.12,5.17,6.7919,124029.0,1278165.19129,105.54,0.7702292969,qfq,eastmoney
002975.SZ,20260423,82.26,88.96,80.87,86.73,81.29,5.44,6.6921,148363.0,1671141.43056,112.61,0.7701802682,qfq,eastmoney
002975.SZ,20260424,86.49,92.04,86.49,89.14,86.73,2.41,2.7787,158795.0,1842624.04384,115.73,0.7702410784,qfq,eastmoney
002975.SZ,20260427,91.28,95.07,88.57,90.31,89.14,1.17,1.3125,144359.0,1711899.73842,117.26,0.7701688555,qfq,eastmoney
002975.SZ,20260428,90.34,92.41,87.31,88.16,90.31,-2.15,-2.3807,120295.0,1388874.0858,114.47,0.77015812,qfq,eastmoney
002975.SZ,20260429,87.42,88.16,82.86,84.81,88.16,-3.35,-3.7999,125121.0,1380366.21728,110.11,0.7702297702,qfq,eastmoney
002975.SZ,20260430,85.68,86.92,83.1,85.01,84.81,0.2,0.2358,90732.0,992985.74601,110.38,0.7701576373,qfq,eastmoney
002975.SZ,20260506,88.57,93.52,87.78,92.78,85.01,7.77,9.1401,118752.0,1406150.64022,120.46,0.770214179,qfq,eastmoney
002975.SZ,20260507,92.44,96.27,90.96,95.81,92.78,3.03,3.2658,99421.0,1208776.015,124.4,0.7701768489,qfq,eastmoney
002975.SZ,20260508,93.5,98.31,91.73,95.85,95.81,0.04,0.0417,109185.0,1352849.99681,124.45,0.7701888309,qfq,eastmoney
002975.SZ,20260511,100.29,105.44,100.0,105.44,95.85,9.59,10.0052,67979.0,707220.96784,105.44,1.0,qfq,eastmoney
002975.SZ,20260512,110.79,114.8,106.5,111.49,105.44,6.05,5.7379,224289.0,2456855.30446,111.49,1.0,qfq,eastmoney
002975.SZ,20260513,111.5,113.44,109.26,111.56,111.49,0.07,0.0628,142870.0,1588289.67541,111.56,1.0,qfq,eastmoney
002975.SZ,20260514,111.8,118.78,108.68,114.5,111.56,2.94,2.6354,167133.0,1895389.79919,114.5,1.0,qfq,eastmoney
002975.SZ,20260515,116.22,123.85,112.0,114.99,114.5,0.49,0.4279,203396.0,2397324.93192,114.99,1.0,qfq,eastmoney
002975.SZ,20260518,117.14,124.5,116.88,120.0,114.99,5.01,4.3569,156000.0,1878518.5808,120.0,1.0,qfq,eastmoney
002975.SZ,20260519,118.0,121.0,112.58,119.1,120.0,-0.9,-0.75,140417.0,1636741.1687,119.1,1.0,qfq,eastmoney
002975.SZ,20260520,119.1,121.42,117.0,119.08,119.1,-0.02,-0.0168,101339.0,1204184.43461,119.08,1.0,qfq,eastmoney
002975.SZ,20260521,120.0,121.0,109.8,110.5,119.08,-8.58,-7.2052,145816.0,1675239.86146,110.5,1.0,qfq,eastmoney
002975.SZ,20260522,111.9,121.55,111.9,121.55,110.5,11.05,10.0,95141.0,1135188.85175,121.55,1.0,qfq,eastmoney
002975.SZ,20260525,129.2,133.71,128.11,133.71,121.55,12.16,10.0041,119524.0,1592940.4091,133.71,1.0,qfq,eastmoney
002975.SZ,20260526,138.7,140.68,125.0,126.95,133.71,-6.76,-5.0557,228131.0,3022011.53626,126.95,1.0,qfq,eastmoney
002975.SZ,20260527,126.06,127.2,121.3,122.07,126.95,-4.88,-3.844,147439.0,1826973.95422,122.07,1.0,qfq,eastmoney
002975.SZ,20260528,121.38,134.28,118.0,134.28,122.07,12.21,10.0025,155778.0,1974465.70638,134.28,1.0,qfq,eastmoney
002975.SZ,20260529,140.99,147.71,139.5,144.3,134.28,10.02,7.462,242162.0,3533369.72796,144.3,1.0,qfq,eastmoney
002975.SZ,20260601,148.96,151.94,134.77,135.07,144.3,-9.23,-6.3964,222829.0,3170285.53751,135.07,1.0,qfq,eastmoney
002975.SZ,20260602,136.38,148.58,136.38,148.58,135.07,13.51,10.0022,60951.0,882897.6427,148.58,1.0,qfq,eastmoney
002975.SZ,20260603,154.86,157.97,145.6,148.0,148.58,-0.58,-0.3904,202454.0,3070308.00004,148.0,1.0,qfq,eastmoney
002975.SZ,20260604,144.99,147.0,141.86,143.6,148.0,-4.4,-2.973,153148.0,2202378.44699,143.6,1.0,qfq,eastmoney
002975.SZ,20260605,140.01,143.08,131.77,132.32,143.6,-11.28,-7.8552,171587.0,2330177.34534,132.32,1.0,qfq,eastmoney
002975.SZ,20260608,123.77,126.58,119.09,119.09,132.32,-13.23,-9.9985,165115.0,2010887.68525,119.09,1.0,qfq,eastmoney
002975.SZ,20260609,122.55,127.99,120.9,126.94,119.09,7.85,6.5917,132316.0,1646285.85034,126.94,1.0,qfq,eastmoney
002975.SZ,20260610,124.89,126.49,118.79,120.66,126.94,-6.28,-4.9472,96445.0,1175994.4895,120.66,1.0,qfq,eastmoney
002975.SZ,20260611,119.89,128.25,119.45,122.62,120.66,1.96,1.6244,117300.0,1451415.7607,122.62,1.0,qfq,eastmoney
002975.SZ,20260612,128.9,129.9,120.58,121.37,122.62,-1.25,-1.0194,118271.0,1481355.17315,121.37,1.0,qfq,eastmoney
002975.SZ,20260615,123.99,133.51,123.94,133.51,121.37,12.14,10.0025,104629.0,1358639.94087,133.51,1.0,qfq,eastmoney
002975.SZ,20260616,136.0,140.98,135.46,136.87,133.51,3.36,2.5167,125795.0,1736484.21224,136.87,1.0,qfq,eastmoney
002975.SZ,20260617,136.63,147.25,135.5,142.57,136.87,5.7,4.1645,132244.0,1883814.93119,142.57,1.0,qfq,eastmoney
002975.SZ,20260618,140.85,149.6,130.0,136.8,142.57,-5.77,-4.0471,248223.0,3437373.98168,136.8,1.0,qfq,eastmoney
002975.SZ,20260622,139.5,150.48,139.5,150.48,136.8,13.68,10.0,196809.0,2866107.03378,150.48,1.0,qfq,eastmoney
002975.SZ,20260623,149.96,150.0,137.19,144.6,150.48,-5.88,-3.9075,165371.0,2376139.8982,144.6,1.0,qfq,eastmoney
002975.SZ,20260624,143.56,152.7,142.5,151.32,144.6,6.72,4.6473,167134.0,2480619.15578,151.32,1.0,qfq,eastmoney
002975.SZ,20260625,150.0,156.66,145.6,156.18,151.32,4.86,3.2117,194795.0,2930562.44576,156.18,1.0,qfq,eastmoney
002975.SZ,20260626,149.77,155.54,143.24,144.43,156.18,-11.75,-7.5234,124400.0,1847039.5819,144.43,1.0,qfq,eastmoney
002975.SZ,20260629,144.03,150.77,132.8,138.0,144.43,-6.43,-4.452,125423.0,1753255.6547,138.0,1.0,qfq,eastmoney
002975.SZ,20260630,137.0,143.98,133.5,142.0,138.0,4.0,2.8986,90045.0,1255876.01682,142.0,1.0,qfq,eastmoney
002975.SZ,20260701,140.58,143.39,134.6,135.4,142.0,-6.6,-4.6479,88427.0,1222039.55992,135.4,1.0,qfq,eastmoney
002975.SZ,20260702,130.01,131.4,122.57,123.69,135.4,-11.71,-8.6484,93980.0,1191502.08195,123.69,1.0,qfq,eastmoney
002975.SZ,20260703,122.05,126.5,119.0,122.4,123.69,-1.29,-1.0429,70342.0,863009.42312,122.4,1.0,qfq,eastmoney
002975.SZ,20260706,121.0,126.59,116.6,120.44,122.4,-1.96,-1.6013,75153.0,913530.02367,120.44,1.0,qfq,eastmoney
002975.SZ,20260707,119.71,121.5,113.14,115.64,120.44,-4.8,-3.9854,64775.0,756010.94832,115.64,1.0,qfq,eastmoney
002975.SZ,20260708,117.0,118.18,109.47,110.32,115.64,-5.32,-4.6005,63474.0,717027.44741,110.32,1.0,qfq,eastmoney
002975.SZ,20260709,113.0,121.35,111.45,121.35,110.32,11.03,9.9982,91607.0,1066363.91696,121.35,1.0,qfq,eastmoney
002975.SZ,20260710,123.53,130.3,120.8,120.8,121.35,-0.55,-0.4532,126733.0,1595249.50751,120.8,1.0,qfq,eastmoney
