ts_code,trade_date,open,high,low,close,pre_close,change,pct_chg,vol,amount
600900.SH,20230717,22.48,22.54,22.32,22.44,22.47,-0.03,-0.1335,196928.52,441213.586
600900.SH,20230718,22.47,22.53,22.38,22.41,22.44,-0.03,-0.1337,268521.18,602593.953
600900.SH,20230719,22.32,22.52,22.32,22.5,22.41,0.09,0.4016,330672.42,743226.348
600900.SH,20230720,22.58,22.61,22.4,22.4,22.5,-0.1,-0.4444,434410.48,978367.222
600900.SH,20230721,21.6,21.85,21.56,21.6,21.58,0.02,0.0927,550370.5,1192718.568
600900.SH,20230724,21.5,21.68,21.47,21.56,21.6,-0.04,-0.1852,276959.1,596740.19
600900.SH,20230725,21.64,21.64,21.25,21.33,21.56,-0.23,-1.0668,764038.11,1631583.708
600900.SH,20230726,21.33,21.4,21.22,21.39,21.33,0.06,0.2813,482595.84,1028987.379
600900.SH,20230727,21.37,21.49,21.2,21.23,21.39,-0.16,-0.748,413651.68,882205.138
600900.SH,20230728,21.22,21.39,21.14,21.34,21.23,0.11,0.5181,589361.12,1253797.045
600900.SH,20230731,21.33,21.65,21.33,21.46,21.34,0.12,0.5623,668329.72,1436470.249
600900.SH,20230801,21.5,21.72,21.45,21.72,21.46,0.26,1.2116,489135.43,1055453.761
600900.SH,20230802,21.7,21.72,21.52,21.59,21.72,-0.13,-0.5985,322538.5,696646.435
600900.SH,20230803,21.64,21.7,21.54,21.66,21.59,0.07,0.3242,341634.38,739362.661
600900.SH,20230804,21.66,21.82,21.48,21.54,21.66,-0.12,-0.554,403813.32,871899.356
600900.SH,20230807,21.55,21.95,21.52,21.92,21.54,0.38,1.7642,553820.78,1208238.982
600900.SH,20230808,21.84,22.11,21.84,22.1,21.92,0.18,0.8212,388447.48,855559.361
600900.SH,20230809,22.09,22.16,21.81,22.11,22.1,0.01,0.0452,415777.14,915613.751
600900.SH,20230810,22.11,22.16,21.97,22.09,22.11,-0.02,-0.0905,230600.3,509011.35
600900.SH,20230811,22.08,22.11,21.75,21.75,22.09,-0.34,-1.5392,320195.4,700996.136
600900.SH,20230814,21.7,21.95,21.55,21.81,21.75,0.06,0.2759,550766.35,1197466.595
600900.SH,20230815,21.8,22.08,21.76,22.02,21.81,0.21,0.9629,456950.84,1005038.904
600900.SH,20230816,22.03,22.07,21.81,21.87,22.02,-0.15,-0.6812,251788.33,551426.663
600900.SH,20230817,21.82,22.14,21.77,22.12,21.87,0.25,1.1431,372769.97,819974.852
600900.SH,20230818,22.06,22.27,22.05,22.06,22.12,-0.06,-0.2712,286026.55,633082.568
600900.SH,20230821,22.06,22.15,21.85,21.85,22.06,-0.21,-0.9519,311022.19,684516.265
600900.SH,20230822,21.94,22.1,21.79,22.0,21.85,0.15,0.6865,416033.69,914974.619
600900.SH,20230823,22.03,22.19,21.91,21.95,22.0,-0.05,-0.2273,337486.78,744363.123
600900.SH,20230824,21.92,21.99,21.75,21.77,21.95,-0.18,-0.82,388034.75,847106.667
600900.SH,20230825,21.75,22.2,21.72,22.16,21.77,0.39,1.7915,460902.26,1016855.128
600900.SH,20230828,22.5,22.55,21.99,22.12,22.16,-0.04,-0.1805,749759.81,1662876.023
600900.SH,20230829,22.12,22.28,21.89,21.92,22.12,-0.2,-0.9042,533861.87,1179054.889
600900.SH,20230830,22.0,22.14,21.91,21.97,21.92,0.05,0.2281,334007.27,734543.74
600900.SH,20230831,21.95,22.16,21.9,22.06,21.97,0.09,0.4096,473136.02,1041852.818
600900.SH,20230901,22.01,22.06,21.75,21.81,22.06,-0.25,-1.1333,530415.77,1159084.272
600900.SH,20230904,21.9,21.91,21.58,21.67,21.81,-0.14,-0.6419,748232.74,1623177.807
600900.SH,20230905,21.67,21.92,21.62,21.89,21.67,0.22,1.0152,584108.44,1273652.536
600900.SH,20230906,21.82,21.95,21.8,21.81,21.89,-0.08,-0.3655,249716.36,545903.54
600900.SH,20230907,21.85,21.93,21.68,21.85,21.81,0.04,0.1834,438932.55,958542.911
600900.SH,20230908,21.82,21.89,21.71,21.84,21.85,-0.01,-0.0458,286678.54,625457.629
600900.SH,20230911,21.83,22.06,21.83,21.99,21.84,0.15,0.6868,383446.47,842758.161
600900.SH,20230912,21.96,22.08,21.89,22.07,21.99,0.08,0.3638,318434.04,700757.182
600900.SH,20230913,22.1,22.33,22.01,22.25,22.07,0.18,0.8156,633341.36,1407844.212
600900.SH,20230914,22.37,22.8,22.26,22.69,22.25,0.44,1.9775,790227.97,1786148.692
600900.SH,20230915,22.69,22.79,22.4,22.52,22.69,-0.17,-0.7492,495417.59,1117513.23
600900.SH,20230918,22.46,22.56,22.32,22.41,22.52,-0.11,-0.4885,396915.37,889442.041
600900.SH,20230919,22.38,22.57,22.3,22.53,22.41,0.12,0.5355,297394.54,668334.198
600900.SH,20230920,22.52,22.62,22.41,22.56,22.53,0.03,0.1332,280077.33,631401.655
600900.SH,20230921,22.57,22.64,22.37,22.38,22.56,-0.18,-0.7979,363654.79,817129.755
600900.SH,20230922,22.44,22.55,22.32,22.48,22.38,0.1,0.4468,449178.25,1007774.66
600900.SH,20230925,22.59,22.66,22.38,22.49,22.48,0.01,0.0445,340860.51,768741.207
600900.SH,20230926,22.54,22.54,22.33,22.41,22.49,-0.08,-0.3557,257165.99,576492.679
600900.SH,20230927,22.46,22.47,22.18,22.21,22.41,-0.2,-0.8925,397997.05,886397.527
600900.SH,20230928,22.26,22.38,22.23,22.24,22.21,0.03,0.1351,344074.02,767155.323
600900.SH,20231009,22.25,22.72,22.25,22.56,22.24,0.32,1.4388,543934.12,1226702.85
600900.SH,20231010,22.7,22.7,22.44,22.61,22.56,0.05,0.2216,361180.46,816386.874
600900.SH,20231011,22.67,22.89,22.6,22.63,22.61,0.02,0.0885,407657.37,927786.042
600900.SH,20231012,22.89,22.89,22.54,22.62,22.63,-0.01,-0.0442,295305.65,668632.578
600900.SH,20231013,22.55,22.78,22.55,22.74,22.62,0.12,0.5305,359194.04,814939.457
600900.SH,20231016,22.78,23.0,22.69,22.78,22.74,0.04,0.1759,474980.27,1083315.95
600900.SH,20231017,22.81,22.99,22.73,22.96,22.78,0.18,0.7902,416973.26,955017.604
600900.SH,20231018,23.05,23.18,22.86,22.95,22.96,-0.01,-0.0436,498013.08,1145979.163
600900.SH,20231019,22.86,22.99,22.53,22.55,22.95,-0.4,-1.7429,487665.64,1106303.693
600900.SH,20231020,22.55,22.68,22.35,22.35,22.55,-0.2,-0.8869,628851.48,1414564.177
600900.SH,20231023,22.35,22.63,22.2,22.29,22.35,-0.06,-0.2685,538435.91,1206621.187
600900.SH,20231024,22.36,22.67,22.18,22.6,22.29,0.31,1.3908,533077.01,1196660.148
600900.SH,20231025,22.6,22.62,21.9,21.91,22.6,-0.69,-3.0531,1005228.54,2220073.377
600900.SH,20231026,21.85,22.35,21.82,22.33,21.91,0.42,1.9169,666489.35,1479450.09
600900.SH,20231027,22.32,22.47,22.21,22.24,22.33,-0.09,-0.403,548440.6,1225705.131
600900.SH,20231030,22.26,22.58,22.24,22.45,22.24,0.21,0.9442,728356.49,1635519.655
600900.SH,20231031,22.38,22.65,22.27,22.57,22.45,0.12,0.5345,637526.99,1434746.126
600900.SH,20231101,22.58,22.74,22.4,22.66,22.57,0.09,0.3988,590463.55,1335207.793
600900.SH,20231102,22.77,22.85,22.63,22.76,22.66,0.1,0.4413,434397.33,989336.982
600900.SH,20231103,22.76,22.97,22.67,22.71,22.76,-0.05,-0.2197,547430.02,1249401.663
600900.SH,20231106,22.74,22.77,22.18,22.24,22.71,-0.47,-2.0696,1002465.99,2237002.524
600900.SH,20231107,22.24,22.34,22.17,22.27,22.24,0.03,0.1349,352990.9,786444.778
600900.SH,20231108,22.29,22.45,22.29,22.37,22.27,0.1,0.449,323137.09,722886.394
600900.SH,20231109,22.37,22.65,22.32,22.57,22.37,0.2,0.8941,525440.27,1183677.945
600900.SH,20231110,22.57,22.66,22.36,22.57,22.57,0.0,0.0,437302.48,984512.101
600900.SH,20231113,22.51,22.55,22.34,22.53,22.57,-0.04,-0.1772,324293.37,728031.455
600900.SH,20231114,22.53,22.62,22.36,22.37,22.53,-0.16,-0.7102,477469.3,1071647.633
600900.SH,20231115,22.37,22.62,22.37,22.6,22.37,0.23,1.0282,480395.81,1082387.59
600900.SH,20231116,22.56,22.73,22.52,22.71,22.6,0.11,0.4867,712630.04,1615397.746
600900.SH,20231117,22.65,22.77,22.49,22.62,22.71,-0.09,-0.3963,406685.74,918639.537
600900.SH,20231120,22.66,22.74,22.59,22.65,22.62,0.03,0.1326,343585.61,778524.093
600900.SH,20231121,22.62,22.79,22.61,22.7,22.65,0.05,0.2208,471897.84,1071485.395
600900.SH,20231122,22.7,22.78,22.6,22.7,22.7,0.0,0.0,338046.88,767433.99
600900.SH,20231123,22.67,22.73,22.47,22.62,22.7,-0.08,-0.3524,403903.83,911195.957
600900.SH,20231124,22.58,22.85,22.56,22.68,22.62,0.06,0.2653,553933.94,1259538.809
600900.SH,20231127,22.68,22.72,22.49,22.61,22.68,-0.07,-0.3086,526889.42,1188192.066
600900.SH,20231128,22.61,22.62,22.45,22.5,22.61,-0.11,-0.4865,380658.17,856426.256
600900.SH,20231129,22.54,22.54,22.4,22.46,22.5,-0.04,-0.1778,530491.06,1191811.825
600900.SH,20231130,22.53,22.83,22.47,22.83,22.46,0.37,1.6474,932514.29,2120302.511
600900.SH,20231201,22.88,22.89,22.62,22.73,22.83,-0.1,-0.438,576681.31,1310247.989
600900.SH,20231204,22.73,22.76,22.62,22.7,22.73,-0.03,-0.132,367360.02,833531.569
600900.SH,20231205,22.69,22.82,22.53,22.58,22.7,-0.12,-0.5286,659551.34,1497277.647
600900.SH,20231206,22.55,22.58,22.39,22.5,22.58,-0.08,-0.3543,607310.04,1365199.239
600900.SH,20231207,22.46,22.65,22.43,22.6,22.5,0.1,0.4444,461341.77,1041893.357
600900.SH,20231208,22.55,22.65,22.45,22.62,22.6,0.02,0.0885,652140.67,1471195.06
600900.SH,20231211,22.52,22.86,22.35,22.82,22.62,0.2,0.8842,913256.35,2066586.43
600900.SH,20231212,22.73,23.01,22.72,22.98,22.82,0.16,0.7011,547463.91,1253897.53
600900.SH,20231213,22.97,23.05,22.91,22.99,22.98,0.01,0.0435,457809.51,1052460.094
600900.SH,20231214,22.99,23.08,22.81,23.01,22.99,0.02,0.087,463823.91,1066767.039
600900.SH,20231215,23.0,23.15,22.77,22.78,23.01,-0.23,-0.9996,660778.81,1514697.782
600900.SH,20231218,22.78,23.07,22.78,23.07,22.78,0.29,1.273,463202.84,1064746.657
600900.SH,20231219,23.07,23.13,22.97,23.05,23.07,-0.02,-0.0867,563287.93,1297691.999
600900.SH,20231220,23.06,23.48,23.04,23.3,23.05,0.25,1.0846,700385.02,1632153.549
600900.SH,20231221,23.28,23.36,23.09,23.15,23.3,-0.15,-0.6438,692876.99,1606989.367
600900.SH,20231222,23.16,23.3,23.11,23.18,23.15,0.03,0.1296,553687.91,1285336.172
600900.SH,20231225,23.18,23.42,23.11,23.4,23.18,0.22,0.9491,442479.99,1031041.466
600900.SH,20231226,23.4,23.7,23.38,23.53,23.4,0.13,0.5556,615197.17,1449802.231
600900.SH,20231227,23.49,23.59,23.34,23.53,23.53,0.0,0.0,562785.43,1321553.822
600900.SH,20231228,23.55,23.79,23.18,23.28,23.53,-0.25,-1.0625,907283.28,2121260.477
600900.SH,20231229,23.3,23.36,23.11,23.34,23.28,0.06,0.2577,628468.5,1462118.982
600900.SH,20240102,23.34,23.77,23.32,23.68,23.34,0.34,1.4567,688802.98,1627813.605
600900.SH,20240103,23.67,23.8,23.6,23.76,23.68,0.08,0.3378,607525.12,1439625.327
600900.SH,20240104,23.8,23.98,23.61,23.8,23.76,0.04,0.1684,613423.35,1458263.732
600900.SH,20240105,23.78,23.95,23.66,23.74,23.8,-0.06,-0.2521,705631.21,1680566.823
600900.SH,20240108,23.74,23.82,23.53,23.6,23.74,-0.14,-0.5897,654394.03,1546139.934
600900.SH,20240109,23.6,23.68,23.3,23.54,23.6,-0.06,-0.2542,801505.03,1884034.535
600900.SH,20240110,23.51,23.64,23.21,23.34,23.54,-0.2,-0.8496,672430.39,1569818.929
600900.SH,20240111,23.38,23.39,23.11,23.18,23.34,-0.16,-0.6855,609198.82,1415166.913
600900.SH,20240112,23.09,23.59,23.09,23.53,23.18,0.35,1.5099,620056.21,1452655.348
600900.SH,20240115,23.48,23.65,23.4,23.5,23.53,-0.03,-0.1275,409876.62,964175.881
600900.SH,20240116,23.42,23.57,23.3,23.55,23.5,0.05,0.2128,578342.55,1355366.874
600900.SH,20240117,23.55,23.6,23.32,23.32,23.55,-0.23,-0.9766,665091.31,1559265.044
600900.SH,20240118,23.3,23.42,22.88,23.32,23.32,0.0,0.0,1227389.21,2841916.74
600900.SH,20240119,23.3,23.52,23.12,23.5,23.32,0.18,0.7719,944947.49,2208441.097
600900.SH,20240122,23.16,23.48,23.07,23.23,23.5,-0.27,-1.1489,1107906.46,2581327.056
600900.SH,20240123,23.16,23.35,22.93,23.25,23.23,0.02,0.0861,853064.05,1971733.022
600900.SH,20240124,23.31,23.87,23.28,23.85,23.25,0.6,2.5806,1086490.42,2566320.795
600900.SH,20240125,23.86,24.1,23.71,23.94,23.85,0.09,0.3774,828912.86,1978742.267
600900.SH,20240126,23.85,24.19,23.81,24.13,23.94,0.19,0.7937,713703.24,1712379.231
600900.SH,20240129,24.09,24.5,24.06,24.27,24.13,0.14,0.5802,694169.61,1691010.353
600900.SH,20240130,24.26,24.36,24.01,24.1,24.27,-0.17,-0.7005,797843.98,1927743.954
600900.SH,20240131,24.08,24.46,24.03,24.4,24.1,0.3,1.2448,885501.52,2155156.152
600900.SH,20240201,24.3,24.44,24.15,24.15,24.4,-0.25,-1.0246,660741.08,1601356.833
600900.SH,20240202,24.22,24.52,24.15,24.28,24.15,0.13,0.5383,1018175.1,2482060.135
600900.SH,20240205,24.35,24.88,24.29,24.76,24.28,0.48,1.9769,1149371.32,2832953.858
600900.SH,20240206,24.7,25.26,24.58,24.72,24.76,-0.04,-0.1616,1266030.4,3150676.353
600900.SH,20240207,24.79,24.8,24.24,24.7,24.72,-0.02,-0.0809,1356422.38,3325417.287
600900.SH,20240208,24.61,24.74,24.4,24.64,24.7,-0.06,-0.2429,874972.17,2150797.174
600900.SH,20240219,24.58,25.29,24.5,25.2,24.64,0.56,2.2727,872456.84,2183694.504
600900.SH,20240220,25.18,25.72,25.11,25.54,25.2,0.34,1.3492,686083.78,1750801.469
600900.SH,20240221,25.52,25.7,25.39,25.39,25.54,-0.15,-0.5873,798775.92,2040015.337
600900.SH,20240222,25.5,25.68,25.36,25.55,25.39,0.16,0.6302,666892.15,1701564.035
600900.SH,20240223,25.5,25.74,25.32,25.69,25.55,0.14,0.5479,610305.79,1558028.569
600900.SH,20240226,25.49,25.54,24.93,24.95,25.69,-0.74,-2.8805,805884.51,2031771.86
600900.SH,20240227,24.91,25.04,24.82,24.93,24.95,-0.02,-0.0802,546550.99,1361112.175
600900.SH,20240228,24.82,25.44,24.59,25.3,24.93,0.37,1.4842,1202233.09,3011572.334
600900.SH,20240229,25.2,25.32,25.0,25.05,25.3,-0.25,-0.9881,762287.1,1914111.616
600900.SH,20240301,25.05,25.15,24.9,25.0,25.05,-0.05,-0.1996,571129.14,1427971.157
600900.SH,20240304,24.97,25.47,24.87,25.45,25.0,0.45,1.8,863298.95,2180343.415
600900.SH,20240305,25.35,26.0,25.33,25.94,25.45,0.49,1.9253,988443.38,2550840.673
600900.SH,20240306,25.9,26.3,25.81,25.86,25.94,-0.08,-0.3084,877754.0,2284641.773
600900.SH,20240307,25.85,26.12,25.8,25.9,25.86,0.04,0.1547,766939.45,1987481.632
600900.SH,20240308,25.92,26.09,25.76,25.83,25.9,-0.07,-0.2703,614489.03,1589578.909
600900.SH,20240311,25.77,25.99,25.57,25.76,25.83,-0.07,-0.271,768872.09,1980534.434
600900.SH,20240312,25.7,25.75,24.76,24.83,25.76,-0.93,-3.6102,1590726.92,3993859.961
600900.SH,20240313,24.83,24.93,24.51,24.89,24.83,0.06,0.2416,1294033.61,3201049.1
600900.SH,20240314,24.76,24.88,24.59,24.69,24.89,-0.2,-0.8035,999131.94,2471465.58
600900.SH,20240315,24.69,24.93,24.66,24.71,24.69,0.02,0.081,739469.91,1831479.869
600900.SH,20240318,24.69,24.87,24.61,24.67,24.71,-0.04,-0.1619,800083.45,1976509.115
600900.SH,20240319,24.67,24.98,24.6,24.72,24.67,0.05,0.2027,791305.09,1963356.129
600900.SH,20240320,24.72,25.22,24.66,25.0,24.72,0.28,1.1327,1046358.92,2615165.511
600900.SH,20240321,25.05,25.1,24.92,24.94,25.0,-0.06,-0.24,668112.18,1670493.182
600900.SH,20240322,24.93,25.09,24.77,25.01,24.94,0.07,0.2807,774086.92,1932584.782
600900.SH,20240325,25.09,25.1,24.94,24.98,25.01,-0.03,-0.12,674644.84,1687444.454
600900.SH,20240326,25.0,25.02,24.7,24.84,24.98,-0.14,-0.5604,768377.09,1909598.643
600900.SH,20240327,24.79,25.02,24.77,24.83,24.84,-0.01,-0.0403,726315.4,1809850.537
600900.SH,20240328,24.86,25.02,24.65,24.85,24.83,0.02,0.0805,815938.41,2025213.172
600900.SH,20240329,24.83,24.98,24.82,24.93,24.85,0.08,0.3219,593291.36,1477764.574
600900.SH,20240401,24.95,24.99,24.67,24.73,24.93,-0.2,-0.8022,878315.53,2177047.53
600900.SH,20240402,24.72,24.84,24.55,24.64,24.73,-0.09,-0.3639,928544.8,2291658.203
600900.SH,20240403,24.6,24.62,24.26,24.44,24.64,-0.2,-0.8117,1153081.26,2811178.604
600900.SH,20240408,24.41,25.41,24.39,25.36,24.44,0.92,3.7643,1796398.04,4495191.837
600900.SH,20240409,25.2,25.37,24.99,25.15,25.36,-0.21,-0.8281,1043433.45,2623607.287
600900.SH,20240410,25.15,25.73,25.14,25.63,25.15,0.48,1.9085,1123999.1,2870415.143
600900.SH,20240411,25.58,25.66,25.27,25.61,25.63,-0.02,-0.078,689165.55,1760367.866
600900.SH,20240412,25.55,25.64,25.35,25.42,25.61,-0.19,-0.7419,627885.87,1599125.049
600900.SH,20240415,25.43,25.93,25.42,25.89,25.42,0.47,1.8489,785347.69,2026912.644
600900.SH,20240416,25.81,26.16,25.68,25.93,25.89,0.04,0.1545,834405.94,2163792.039
600900.SH,20240417,25.85,26.1,25.53,25.98,25.93,0.05,0.1928,817739.35,2111578.177
600900.SH,20240418,25.92,26.19,25.8,25.95,25.98,-0.03,-0.1155,848980.8,2205476.997
600900.SH,20240419,25.9,26.09,25.73,26.0,25.95,0.05,0.1927,774853.67,2007554.174
600900.SH,20240422,25.93,26.19,25.81,25.86,26.0,-0.14,-0.5385,641251.92,1664599.639
600900.SH,20240423,25.84,26.05,25.6,25.77,25.86,-0.09,-0.348,575503.66,1485631.129
600900.SH,20240424,25.9,25.94,25.67,25.77,25.77,0.0,0.0,563091.87,1450080.312
600900.SH,20240425,25.75,25.85,25.56,25.68,25.77,-0.09,-0.3492,428470.22,1098347.571
600900.SH,20240426,25.61,25.86,25.55,25.57,25.68,-0.11,-0.4283,690288.33,1770684.733
600900.SH,20240429,25.57,25.66,25.3,25.48,25.57,-0.09,-0.352,776530.0,1978050.453
600900.SH,20240430,25.4,26.02,25.36,25.79,25.48,0.31,1.2166,882742.53,2280869.807
600900.SH,20240506,25.79,25.79,25.43,25.47,25.79,-0.32,-1.2408,1105889.87,2821688.353
600900.SH,20240507,25.47,25.51,25.32,25.35,25.47,-0.12,-0.4711,634827.61,1609969.168
600900.SH,20240508,25.35,25.55,25.31,25.31,25.35,-0.04,-0.1578,606272.39,1538925.484
600900.SH,20240509,25.35,25.4,25.16,25.36,25.31,0.05,0.1976,686815.49,1736820.747
600900.SH,20240510,25.36,25.52,25.26,25.48,25.36,0.12,0.4732,798087.93,2029155.628
600900.SH,20240513,25.5,25.7,25.36,25.62,25.48,0.14,0.5495,926473.53,2368887.118
600900.SH,20240514,25.62,25.62,25.38,25.58,25.62,-0.04,-0.1561,605061.73,1543748.111
600900.SH,20240515,25.55,25.69,25.45,25.48,25.58,-0.1,-0.3909,443841.53,1133848.524
600900.SH,20240516,25.49,25.54,25.4,25.42,25.48,-0.06,-0.2355,578414.0,1471765.904
600900.SH,20240517,25.45,25.85,25.44,25.78,25.42,0.36,1.4162,949507.2,2438122.01
600900.SH,20240520,25.74,26.16,25.66,25.99,25.78,0.21,0.8146,910147.53,2362152.895
600900.SH,20240521,26.05,26.25,25.98,26.1,25.99,0.11,0.4232,649325.06,1693481.735
600900.SH,20240522,26.16,26.21,25.93,25.98,26.1,-0.12,-0.4598,569502.3,1482943.442
600900.SH,20240523,26.05,26.34,25.96,26.15,25.98,0.17,0.6543,773125.97,2023279.728
600900.SH,20240524,26.21,26.55,26.13,26.3,26.15,0.15,0.5736,777151.34,2051397.915
600900.SH,20240527,26.31,26.7,26.31,26.51,26.3,0.21,0.7985,780008.95,2069505.133
600900.SH,20240528,26.52,26.83,26.48,26.71,26.51,0.2,0.7544,672592.57,1793773.705
600900.SH,20240529,26.7,26.77,26.41,26.69,26.71,-0.02,-0.0749,620519.85,1651090.911
600900.SH,20240530,26.66,26.95,26.6,26.7,26.69,0.01,0.0375,539805.15,1444639.486
600900.SH,20240531,26.76,27.02,26.58,26.61,26.7,-0.09,-0.3371,708189.31,1894832.555
600900.SH,20240603,26.89,27.5,26.75,27.43,26.61,0.82,3.0815,1148763.31,3129895.699
600900.SH,20240604,27.43,27.7,27.3,27.48,27.43,0.05,0.1823,792761.75,2178484.628
600900.SH,20240605,27.54,28.08,27.49,27.96,27.48,0.48,1.7467,887221.53,2474874.593
600900.SH,20240606,27.9,28.38,27.76,28.03,27.96,0.07,0.2504,1061203.23,2979916.128
600900.SH,20240607,28.0,28.37,27.9,28.31,28.03,0.28,0.9989,868116.39,2447258.985
600900.SH,20240611,28.32,28.49,27.92,28.18,28.31,-0.13,-0.4592,873337.96,2460615.26
600900.SH,20240612,28.08,28.5,28.0,28.38,28.18,0.2,0.7097,756242.28,2141399.388
600900.SH,20240613,28.39,28.8,28.32,28.7,28.38,0.32,1.1276,892827.21,2555029.901
600900.SH,20240614,28.65,28.77,27.73,27.9,28.7,-0.8,-2.7875,2426430.11,6814644.667
600900.SH,20240617,27.75,28.06,27.59,27.89,27.9,-0.01,-0.0358,1067302.95,2976152.808
600900.SH,20240618,27.89,27.94,27.59,27.8,27.89,-0.09,-0.3227,658935.78,1828330.861
600900.SH,20240619,27.78,28.07,27.72,28.04,27.8,0.24,0.8633,536590.74,1497817.306
600900.SH,20240620,28.07,28.4,28.01,28.34,28.04,0.3,1.0699,655689.19,1851949.138
600900.SH,20240621,28.34,28.52,28.03,28.33,28.34,-0.01,-0.0353,742965.01,2104127.43
600900.SH,20240624,28.4,29.0,28.35,28.89,28.33,0.56,1.9767,1069296.42,3075272.5
600900.SH,20240625,28.87,28.92,28.3,28.65,28.89,-0.24,-0.8307,880210.88,2521524.043
600900.SH,20240626,28.69,28.87,28.38,28.65,28.65,0.0,0.0,514241.25,1469826.193
600900.SH,20240627,28.6,28.95,28.58,28.82,28.65,0.17,0.5934,665509.11,1917338.401
600900.SH,20240628,28.82,29.03,28.58,28.92,28.82,0.1,0.347,723669.83,2089609.595
600900.SH,20240701,28.92,29.65,28.92,29.48,28.92,0.56,1.9364,723519.1,2123942.477
600900.SH,20240702,29.47,29.56,29.24,29.48,29.48,0.0,0.0,582890.49,1714526.664
600900.SH,20240703,29.41,29.52,29.0,29.3,29.48,-0.18,-0.6106,732519.87,2136621.632
600900.SH,20240704,29.22,29.55,29.2,29.39,29.3,0.09,0.3072,661930.48,1945477.857
600900.SH,20240705,29.57,29.57,28.85,29.32,29.39,-0.07,-0.2382,1007631.42,2934921.575
600900.SH,20240708,29.22,30.05,29.2,29.92,29.32,0.6,2.0464,1008970.73,3002371.354
600900.SH,20240709,29.91,30.33,29.81,30.31,29.92,0.39,1.3035,857245.64,2582804.863
600900.SH,20240710,30.28,30.42,29.87,30.1,30.31,-0.21,-0.6928,765968.09,2303742.13
600900.SH,20240711,30.13,30.2,29.7,30.19,30.1,0.09,0.299,747139.95,2236982.847
600900.SH,20240712,30.16,30.3,29.8,29.88,30.19,-0.31,-1.0268,681127.3,2040744.551
600900.SH,20240715,29.79,30.5,29.66,30.43,29.88,0.55,1.8407,787955.04,2382355.824
600900.SH,20240716,30.5,30.87,30.25,30.8,30.43,0.37,1.2159,689248.58,2109134.626
600900.SH,20240717,30.75,30.95,30.56,30.8,30.8,0.0,0.0,740568.56,2281313.173
600900.SH,20240718,30.75,31.44,30.72,31.36,30.8,0.56,1.8182,999956.24,3111871.551
600900.SH,20240719,30.5,30.72,30.28,30.58,30.54,0.04,0.131,1124175.21,3424215.894
600900.SH,20240722,30.58,30.6,29.7,30.38,30.58,-0.2,-0.654,974276.49,2935254.009
600900.SH,20240723,30.4,30.8,30.28,30.67,30.38,0.29,0.9546,901447.87,2759644.839
600900.SH,20240724,30.67,31.19,30.54,31.04,30.67,0.37,1.2064,882810.95,2734065.269
600900.SH,20240725,31.07,31.28,30.37,30.83,31.04,-0.21,-0.6765,977368.68,3005729.069
600900.SH,20240726,30.71,30.71,29.73,30.15,30.83,-0.68,-2.2056,1149552.73,3451737.426
600900.SH,20240729,29.96,30.4,29.51,30.2,30.15,0.05,0.1658,751622.51,2258829.166
600900.SH,20240730,30.17,30.46,29.88,30.11,30.2,-0.09,-0.298,606823.04,1828272.498
600900.SH,20240731,30.05,30.07,29.48,29.86,30.11,-0.25,-0.8303,944331.85,2812743.116
600900.SH,20240801,29.65,30.34,29.6,30.12,29.86,0.26,0.8707,684858.69,2057753.552
600900.SH,20240802,30.0,30.32,29.8,30.24,30.12,0.12,0.3984,577750.48,1740593.156
600900.SH,20240805,30.09,30.2,29.85,29.9,30.24,-0.34,-1.1243,631030.71,1894210.458
600900.SH,20240806,29.9,30.09,29.3,29.46,29.9,-0.44,-1.4716,936573.65,2766826.003
600900.SH,20240807,29.37,30.05,29.37,29.75,29.46,0.29,0.9844,676410.78,2018243.318
600900.SH,20240808,29.75,30.01,29.62,29.78,29.75,0.03,0.1008,467604.73,1394043.16
600900.SH,20240809,29.71,29.79,29.37,29.54,29.78,-0.24,-0.8059,596900.63,1763288.971
600900.SH,20240812,29.56,29.71,29.12,29.18,29.54,-0.36,-1.2187,510891.21,1500108.927
600900.SH,20240813,29.28,29.38,29.06,29.26,29.18,0.08,0.2742,461630.28,1349026.967
600900.SH,20240814,29.29,29.85,29.03,29.55,29.26,0.29,0.9911,678626.36,2004395.676
600900.SH,20240815,29.54,29.97,29.4,29.8,29.55,0.25,0.846,598895.87,1783081.179
600900.SH,20240816,29.82,29.88,29.53,29.62,29.8,-0.18,-0.604,509499.31,1509091.295
600900.SH,20240819,29.59,29.86,29.57,29.73,29.62,0.11,0.3714,427982.48,1272877.014
600900.SH,20240820,29.76,29.84,29.43,29.65,29.73,-0.08,-0.2691,461304.02,1364741.834
600900.SH,20240821,29.66,29.79,29.23,29.75,29.65,0.1,0.3373,471909.94,1395813.811
600900.SH,20240822,29.7,30.3,29.69,30.24,29.75,0.49,1.6471,779380.21,2341186.875
600900.SH,20240823,30.27,30.32,29.8,29.91,30.24,-0.33,-1.0913,546111.88,1639163.833
600900.SH,20240826,29.91,30.05,29.48,29.82,29.91,-0.09,-0.3009,496395.81,1474548.432
600900.SH,20240827,29.76,29.9,29.58,29.8,29.82,-0.02,-0.0671,350604.95,1043728.923
600900.SH,20240828,29.79,30.1,29.7,29.82,29.8,0.02,0.0671,496902.15,1485759.125
600900.SH,20240829,29.84,29.87,29.26,29.36,29.82,-0.46,-1.5426,676035.77,1991001.428
600900.SH,20240830,29.25,29.58,28.71,29.38,29.36,0.02,0.0681,898493.36,2626216.879
600900.SH,20240902,29.03,29.81,29.02,29.71,29.38,0.33,1.1232,733296.06,2171845.328
600900.SH,20240903,29.65,29.79,29.05,29.11,29.71,-0.6,-2.0195,667107.88,1952057.304
600900.SH,20240904,29.11,29.34,28.91,29.15,29.11,0.04,0.1374,401534.96,1170959.318
600900.SH,20240905,29.16,29.28,28.92,29.12,29.15,-0.03,-0.1029,374874.08,1088725.236
600900.SH,20240906,29.1,29.48,29.07,29.1,29.12,-0.02,-0.0687,400537.63,1173648.85
600900.SH,20240909,29.23,29.43,29.06,29.35,29.1,0.25,0.8591,633732.36,1856318.8
600900.SH,20240910,29.31,29.49,28.95,29.15,29.35,-0.2,-0.6814,580049.57,1692616.092
600900.SH,20240911,29.15,29.15,27.65,27.8,29.15,-1.35,-4.6312,1439497.37,4047995.05
600900.SH,20240912,27.7,28.06,27.63,27.86,27.8,0.06,0.2158,662191.39,1843149.366
600900.SH,20240913,27.86,28.5,27.82,28.3,27.86,0.44,1.5793,809732.1,2289211.168
600900.SH,20240918,28.25,28.74,28.22,28.32,28.3,0.02,0.0707,526236.23,1500353.768
600900.SH,20240919,28.37,28.43,27.84,28.33,28.32,0.01,0.0353,697997.05,1964300.124
600900.SH,20240920,28.18,28.32,27.84,28.15,28.33,-0.18,-0.6354,822951.78,2309733.075
600900.SH,20240923,28.15,28.43,27.98,28.2,28.15,0.05,0.1776,479049.51,1353258.731
600900.SH,20240924,28.43,28.88,28.07,28.76,28.2,0.56,1.9858,1064786.51,3033603.594
600900.SH,20240925,28.92,29.64,28.83,28.93,28.76,0.17,0.5911,1181762.42,3447719.854
600900.SH,20240926,29.04,29.13,28.71,29.13,28.93,0.2,0.6913,1143163.43,3305503.263
600900.SH,20240927,29.23,29.23,28.06,28.99,29.13,-0.14,-0.4806,1887036.66,5391564.516
600900.SH,20240930,28.83,30.5,28.61,30.05,28.99,1.06,3.6564,3960784.94,11687901.897
600900.SH,20241008,32.01,32.28,28.88,29.22,30.05,-0.83,-2.7621,4623565.4,13932515.165
600900.SH,20241009,28.98,29.39,28.22,28.55,29.22,-0.67,-2.293,2669254.15,7713072.332
600900.SH,20241010,28.6,29.83,28.59,29.18,28.55,0.63,2.2067,2624284.03,7695861.718
600900.SH,20241011,29.2,29.75,29.0,29.21,29.18,0.03,0.1028,1425896.33,4191339.711
600900.SH,20241014,29.22,29.55,29.1,29.35,29.21,0.14,0.4793,1447014.36,4245091.617
600900.SH,20241015,29.3,29.39,28.88,28.88,29.35,-0.47,-1.6014,1171128.41,3411757.96
600900.SH,20241016,28.8,29.32,28.61,28.71,28.88,-0.17,-0.5886,1272300.16,3677022.6
600900.SH,20241017,28.73,28.79,28.3,28.3,28.71,-0.41,-1.4281,1120938.19,3190851.474
600900.SH,20241018,28.32,28.67,28.03,28.43,28.3,0.13,0.4594,1491816.06,4224020.29
600900.SH,20241021,28.36,28.36,27.85,27.96,28.43,-0.47,-1.6532,1396284.17,3905210.023
600900.SH,20241022,27.96,28.36,27.83,28.08,27.96,0.12,0.4292,1040632.25,2922214.929
600900.SH,20241023,28.08,28.33,28.0,28.06,28.08,-0.02,-0.0712,902800.66,2538199.816
600900.SH,20241024,28.06,28.13,27.75,28.0,28.06,-0.06,-0.2138,783861.91,2189138.483
600900.SH,20241025,28.0,28.08,27.41,27.54,28.0,-0.46,-1.6429,1507184.65,4162517.848
600900.SH,20241028,27.54,27.54,27.16,27.54,27.54,0.0,0.0,1177849.05,3221776.479
600900.SH,20241029,27.54,28.03,27.35,27.71,27.54,0.17,0.6173,1311883.63,3635175.151
600900.SH,20241030,27.72,27.89,27.45,27.71,27.71,0.0,0.0,1012598.92,2800095.149
600900.SH,20241031,27.98,28.01,27.42,27.58,27.71,-0.13,-0.4691,1219031.36,3369699.7
600900.SH,20241101,27.51,28.0,27.39,27.98,27.58,0.4,1.4503,1213607.71,3377377.151
600900.SH,20241104,27.98,27.99,27.61,27.9,27.98,-0.08,-0.2859,906009.62,2514532.409
600900.SH,20241105,27.81,27.94,27.72,27.86,27.9,-0.04,-0.1434,1309387.56,3643039.779
600900.SH,20241106,27.83,27.9,27.46,27.5,27.86,-0.36,-1.2922,1380887.4,3816254.671
600900.SH,20241107,27.4,27.85,27.39,27.83,27.5,0.33,1.2,1330333.77,3687552.721
600900.SH,20241108,27.84,27.96,27.53,27.62,27.83,-0.21,-0.7546,1190234.83,3295504.902
600900.SH,20241111,27.46,27.63,27.36,27.48,27.62,-0.14,-0.5069,939962.02,2579507.983
600900.SH,20241112,27.48,27.63,26.95,26.97,27.48,-0.51,-1.8559,2017466.71,5479470.999
600900.SH,20241113,26.88,27.49,26.78,27.39,26.97,0.42,1.5573,1551882.22,4230284.151
600900.SH,20241114,27.35,27.69,27.23,27.42,27.39,0.03,0.1095,986466.16,2714473.179
600900.SH,20241115,27.37,27.49,27.1,27.1,27.42,-0.32,-1.167,935808.93,2550153.94
600900.SH,20241118,27.16,27.54,27.09,27.42,27.1,0.32,1.1808,1190517.9,3261120.178
600900.SH,20241119,27.4,27.5,27.17,27.37,27.42,-0.05,-0.1823,956802.8,2615794.24
600900.SH,20241120,27.37,27.75,27.21,27.62,27.37,0.25,0.9134,998049.39,2747324.911
600900.SH,20241121,27.56,27.7,27.54,27.67,27.62,0.05,0.181,678484.91,1875901.033
600900.SH,20241122,27.67,27.78,27.26,27.26,27.67,-0.41,-1.4817,971291.06,2668597.372
600900.SH,20241125,27.39,27.59,27.03,27.13,27.26,-0.13,-0.4769,1014087.71,2767754.675
600900.SH,20241126,27.1,27.19,26.91,27.0,27.13,-0.13,-0.4792,883063.8,2387017.997
600900.SH,20241127,26.98,27.45,26.98,27.39,27.0,0.39,1.4444,1024693.14,2795306.804
600900.SH,20241128,27.37,27.48,27.17,27.43,27.39,0.04,0.146,691606.3,1892727.089
600900.SH,20241129,27.44,27.7,27.3,27.32,27.43,-0.11,-0.401,1090264.2,2998565.91
600900.SH,20241202,27.39,27.71,27.3,27.61,27.32,0.29,1.0615,886298.95,2442141.195
600900.SH,20241203,27.62,28.1,27.54,27.95,27.61,0.34,1.2314,1343475.59,3742682.857
600900.SH,20241204,27.95,28.53,27.81,28.45,27.95,0.5,1.7889,1372256.62,3874772.096
600900.SH,20241205,28.4,28.68,28.2,28.3,28.45,-0.15,-0.5272,980354.33,2785865.462
600900.SH,20241206,28.32,28.54,28.15,28.18,28.3,-0.12,-0.424,909354.12,2571289.497
600900.SH,20241209,28.13,28.51,27.93,28.41,28.18,0.23,0.8162,802872.92,2273588.991
600900.SH,20241210,28.4,28.58,27.96,28.02,28.41,-0.39,-1.3728,1678877.46,4740338.733
600900.SH,20241211,28.1,28.22,27.97,28.17,28.02,0.15,0.5353,636184.26,1788397.138
600900.SH,20241212,28.15,28.48,28.13,28.4,28.17,0.23,0.8165,778749.56,2210068.869
600900.SH,20241213,28.44,28.88,28.34,28.72,28.4,0.32,1.1268,1542857.7,4421516.826
600900.SH,20241216,28.78,29.39,28.78,29.28,28.72,0.56,1.9499,1434632.94,4191213.538
600900.SH,20241217,29.33,29.55,29.19,29.27,29.28,-0.01,-0.0342,1078044.06,3166685.527
600900.SH,20241218,29.38,29.82,29.13,29.42,29.27,0.15,0.5125,983965.58,2902181.336
600900.SH,20241219,29.26,29.66,29.21,29.26,29.42,-0.16,-0.5438,910615.98,2682851.059
600900.SH,20241220,29.21,29.43,29.08,29.2,29.26,-0.06,-0.2051,787251.72,2300287.601
600900.SH,20241223,29.19,29.81,29.11,29.57,29.2,0.37,1.2671,1086336.32,3214208.944
600900.SH,20241224,29.47,29.85,29.36,29.81,29.57,0.24,0.8116,927355.5,2753108.462
600900.SH,20241225,29.82,29.93,29.67,29.79,29.81,-0.02,-0.0671,685160.52,2043557.883
600900.SH,20241226,29.79,29.83,29.29,29.32,29.79,-0.47,-1.5777,898845.58,2645228.041
600900.SH,20241227,29.3,29.63,29.17,29.61,29.32,0.29,0.9891,854237.09,2508819.673
600900.SH,20241230,29.61,29.83,29.34,29.41,29.61,-0.2,-0.6754,778256.62,2298925.152
600900.SH,20241231,29.4,29.77,29.36,29.55,29.41,0.14,0.476,965370.38,2859607.977
600900.SH,20250102,29.51,29.73,29.08,29.2,29.55,-0.35,-1.1844,1041220.08,3057996.06
600900.SH,20250103,29.21,29.43,28.85,29.0,29.2,-0.2,-0.6849,946322.86,2753136.714
600900.SH,20250106,29.1,29.1,28.51,28.89,29.0,-0.11,-0.3793,794674.26,2286573.074
600900.SH,20250107,28.88,28.89,28.54,28.7,28.89,-0.19,-0.6577,654960.3,1879633.128
600900.SH,20250108,28.67,29.16,28.63,29.0,28.7,0.3,1.0453,906309.29,2624410.315
600900.SH,20250109,28.94,29.06,28.64,28.79,29.0,-0.21,-0.7241,581770.58,1676501.567
600900.SH,20250110,28.79,29.05,28.51,28.87,28.79,0.08,0.2779,694909.83,2005099.923
600900.SH,20250113,28.8,28.91,28.43,28.81,28.87,-0.06,-0.2078,906278.06,2602917.132
600900.SH,20250114,28.8,28.98,28.72,28.84,28.81,0.03,0.1041,819856.65,2362763.164
600900.SH,20250115,28.73,29.12,28.61,28.8,28.84,-0.04,-0.1387,722792.78,2086198.307
600900.SH,20250116,28.73,28.98,28.72,28.84,28.8,0.04,0.1389,720602.4,2076090.814
600900.SH,20250117,28.87,29.03,28.76,29.01,28.84,0.17,0.5895,596372.3,1726533.811
600900.SH,20250120,29.05,29.06,28.83,28.97,29.01,-0.04,-0.1379,665423.77,1927427.722
600900.SH,20250121,28.96,29.31,28.82,29.16,28.97,0.19,0.6559,789413.28,2299694.593
600900.SH,20250122,29.16,29.3,28.6,28.69,29.16,-0.47,-1.6118,1073703.2,3102296.596
600900.SH,20250123,28.72,28.81,28.28,28.5,28.69,-0.19,-0.6623,1034683.65,2953937.702
600900.SH,20250124,28.38,28.65,28.2,28.2,28.29,-0.09,-0.3181,840005.77,2388148.361
600900.SH,20250127,28.27,29.1,28.22,28.9,28.2,0.7,2.4823,995244.49,2863650.427
600900.SH,20250205,28.86,28.89,28.27,28.35,28.9,-0.55,-1.9031,902861.13,2568658.666
600900.SH,20250206,28.36,28.43,28.13,28.27,28.35,-0.08,-0.2822,676097.34,1908311.707
600900.SH,20250207,28.2,28.24,27.9,28.13,28.27,-0.14,-0.4952,1091475.51,3059789.716
600900.SH,20250210,28.05,28.16,27.9,27.91,28.13,-0.22,-0.7821,969000.76,2709703.559
600900.SH,20250211,27.98,27.98,27.7,27.9,27.91,-0.01,-0.0358,901386.3,2507433.419
600900.SH,20250212,27.85,28.03,27.77,27.99,27.9,0.09,0.3226,714700.71,1996133.152
600900.SH,20250213,27.92,28.23,27.83,28.17,27.99,0.18,0.6431,940018.14,2643911.849
600900.SH,20250214,28.17,28.5,28.05,28.21,28.17,0.04,0.142,928763.77,2628490.803
600900.SH,20250217,28.06,28.17,27.62,28.17,28.21,-0.04,-0.1418,1095807.19,3060604.828
600900.SH,20250218,28.05,28.56,28.05,28.36,28.17,0.19,0.6745,1083706.74,3074479.598
600900.SH,20250219,28.26,28.41,28.03,28.07,28.36,-0.29,-1.0226,832430.97,2344764.606
600900.SH,20250220,28.0,28.12,27.86,28.04,28.07,-0.03,-0.1069,696211.75,1949177.936
600900.SH,20250221,28.04,28.04,27.71,27.8,28.04,-0.24,-0.8559,1246881.6,3470960.409
600900.SH,20250224,27.8,27.92,27.51,27.55,27.8,-0.25,-0.8993,1294031.79,3578403.31
600900.SH,20250225,27.58,27.65,27.2,27.33,27.55,-0.22,-0.7985,973228.62,2669049.554
600900.SH,20250226,27.3,27.7,27.27,27.63,27.33,0.3,1.0977,889169.62,2451236.807
600900.SH,20250227,27.64,27.72,27.31,27.52,27.63,-0.11,-0.3981,991769.39,2727061.265
600900.SH,20250228,27.48,27.74,27.35,27.38,27.52,-0.14,-0.5087,1175017.75,3236479.356
600900.SH,20250303,27.38,27.43,27.06,27.09,27.38,-0.29,-1.0592,1127634.38,3060769.037
600900.SH,20250304,27.09,27.2,26.98,27.15,27.09,0.06,0.2215,647251.89,1755054.866
600900.SH,20250305,27.14,27.6,27.01,27.48,27.15,0.33,1.2155,946605.46,2594982.596
600900.SH,20250306,27.41,27.48,27.15,27.22,27.48,-0.26,-0.9461,980759.23,2671549.581
600900.SH,20250307,27.21,27.37,27.13,27.26,27.22,0.04,0.147,683832.13,1864258.519
600900.SH,20250310,27.27,27.28,27.03,27.1,27.26,-0.16,-0.5869,883223.5,2392990.833
600900.SH,20250311,27.04,27.29,27.03,27.19,27.1,0.09,0.3321,910403.12,2468093.094
600900.SH,20250312,27.16,27.19,27.01,27.12,27.19,-0.07,-0.2574,785237.85,2126412.56
600900.SH,20250313,27.1,27.35,27.09,27.25,27.12,0.13,0.4794,874096.6,2380546.787
600900.SH,20250314,27.29,27.55,27.23,27.45,27.25,0.2,0.7339,1114139.9,3056432.801
600900.SH,20250317,27.51,27.69,27.35,27.37,27.45,-0.08,-0.2914,763521.93,2099106.675
600900.SH,20250318,27.37,27.42,27.17,27.2,27.37,-0.17,-0.6211,777193.09,2116224.352
600900.SH,20250319,27.24,27.7,27.16,27.63,27.2,0.43,1.5809,1318599.32,3633878.031
600900.SH,20250320,27.7,27.76,27.54,27.64,27.63,0.01,0.0362,601941.52,1663702.537
600900.SH,20250321,27.67,27.76,27.37,27.4,27.64,-0.24,-0.8683,741876.71,2042970.84
600900.SH,20250324,27.42,27.8,27.37,27.7,27.4,0.3,1.0949,991624.78,2745637.503
600900.SH,20250325,27.71,28.0,27.56,27.93,27.7,0.23,0.8303,772559.82,2152626.393
600900.SH,20250326,27.93,27.99,27.61,27.83,27.93,-0.1,-0.358,690883.42,1917234.896
600900.SH,20250327,27.75,27.86,27.62,27.77,27.83,-0.06,-0.2156,572991.16,1588239.086
600900.SH,20250328,27.76,27.9,27.64,27.85,27.77,0.08,0.2881,572223.34,1590738.628
600900.SH,20250331,27.92,28.11,27.75,27.81,27.85,-0.04,-0.1436,904841.0,2528379.57
600900.SH,20250401,27.85,27.94,27.66,27.9,27.81,0.09,0.3236,579886.38,1614469.478
600900.SH,20250402,27.9,27.96,27.71,27.83,27.9,-0.07,-0.2509,553530.26,1539467.924
600900.SH,20250403,27.71,28.44,27.71,28.4,27.83,0.57,2.0481,1437982.29,4054692.59
600900.SH,20250407,28.04,28.86,27.77,28.33,28.4,-0.07,-0.2465,3258722.28,9247372.446
600900.SH,20250408,28.26,29.18,28.0,29.05,28.33,0.72,2.5415,2341190.48,6700167.019
600900.SH,20250409,29.05,29.6,28.76,29.57,29.05,0.52,1.79,2198018.03,6447093.992
600900.SH,20250410,29.46,29.49,28.85,29.17,29.57,-0.4,-1.3527,1385624.86,4027976.355
600900.SH,20250411,29.28,29.28,29.0,29.2,29.17,0.03,0.1028,873321.01,2542617.678
600900.SH,20250414,29.01,29.25,28.82,29.15,29.2,-0.05,-0.1712,826375.32,2399272.788
600900.SH,20250415,29.08,29.35,28.99,29.27,29.15,0.12,0.4117,783079.71,2283991.241
600900.SH,20250416,29.25,29.41,29.05,29.4,29.27,0.13,0.4441,1007602.06,2945909.908
600900.SH,20250417,29.3,29.32,29.0,29.21,29.4,-0.19,-0.6463,840853.37,2448925.444
600900.SH,20250418,29.1,29.6,29.06,29.58,29.21,0.37,1.2667,881173.88,2592643.254
600900.SH,20250421,29.5,29.7,29.3,29.31,29.58,-0.27,-0.9128,565837.45,1666610.558
600900.SH,20250422,29.32,29.82,29.23,29.33,29.31,0.02,0.0682,768948.56,2269549.948
600900.SH,20250423,29.28,29.38,29.08,29.2,29.33,-0.13,-0.4432,616106.91,1800663.508
600900.SH,20250424,29.2,29.55,29.16,29.46,29.2,0.26,0.8904,569273.25,1675349.936
600900.SH,20250425,29.48,29.73,29.3,29.52,29.46,0.06,0.2037,544572.23,1604922.452
600900.SH,20250428,29.52,29.92,29.41,29.72,29.52,0.2,0.6775,723470.85,2153224.045
600900.SH,20250429,29.72,29.77,29.35,29.46,29.72,-0.26,-0.8748,723059.23,2130508.757
600900.SH,20250430,29.55,29.57,29.32,29.5,29.46,0.04,0.1358,553508.78,1630308.197
600900.SH,20250506,29.65,29.65,29.13,29.18,29.5,-0.32,-1.0847,830990.0,2427460.661
600900.SH,20250507,29.28,29.38,29.06,29.35,29.18,0.17,0.5826,808889.9,2365688.066
600900.SH,20250508,29.28,29.48,29.22,29.31,29.35,-0.04,-0.1363,469960.5,1380550.567
600900.SH,20250509,29.3,29.77,29.28,29.55,29.31,0.24,0.8188,732927.55,2165675.4
600900.SH,20250512,29.46,29.69,29.31,29.54,29.55,-0.01,-0.0338,572354.98,1690208.659
600900.SH,20250513,29.42,29.74,29.36,29.74,29.54,0.2,0.677,616986.06,1827173.098
600900.SH,20250514,29.73,30.1,29.67,30.08,29.74,0.34,1.1432,747905.67,2238358.173
600900.SH,20250515,30.06,30.36,30.0,30.35,30.08,0.27,0.8976,715432.85,2161488.738
600900.SH,20250516,30.3,30.5,29.96,30.1,30.35,-0.25,-0.8237,637559.87,1920478.84
600900.SH,20250519,30.1,30.58,30.1,30.47,30.1,0.37,1.2292,561942.36,1709383.591
600900.SH,20250520,30.48,30.94,30.48,30.68,30.47,0.21,0.6892,605876.16,1863321.473
600900.SH,20250521,30.74,30.95,30.7,30.8,30.68,0.12,0.3911,535498.49,1650446.696
600900.SH,20250522,30.8,31.05,30.56,31.03,30.8,0.23,0.7468,537263.73,1657926.805
600900.SH,20250523,30.99,31.06,30.39,30.49,31.03,-0.54,-1.7403,854247.73,2613433.482
600900.SH,20250526,30.4,30.56,30.12,30.34,30.49,-0.15,-0.492,626512.37,1899418.062
600900.SH,20250527,30.3,30.59,30.22,30.26,30.34,-0.08,-0.2637,567980.57,1726016.759
600900.SH,20250528,30.27,30.55,30.2,30.53,30.26,0.27,0.8923,537809.08,1636711.126
600900.SH,20250529,30.48,30.55,30.11,30.29,30.53,-0.24,-0.7861,669368.74,2025718.727
600900.SH,20250530,30.32,30.49,30.2,30.2,30.29,-0.09,-0.2971,644789.98,1954519.954
600900.SH,20250603,30.28,30.35,29.85,30.15,30.2,-0.05,-0.1656,783222.52,2350698.98
600900.SH,20250604,30.14,30.16,29.85,29.89,30.15,-0.26,-0.8624,595581.98,1785117.391
600900.SH,20250605,29.89,29.94,29.65,29.8,29.89,-0.09,-0.3011,551350.38,1641525.833
600900.SH,20250606,29.8,30.02,29.75,29.99,29.8,0.19,0.6376,546936.54,1638392.602
600900.SH,20250609,29.93,30.09,29.85,29.98,29.99,-0.01,-0.0333,680593.58,2040230.084
600900.SH,20250610,29.98,30.29,29.96,30.03,29.98,0.05,0.1668,663488.41,1998903.728
600900.SH,20250611,30.0,30.28,29.98,30.18,30.03,0.15,0.4995,576656.17,1739533.416
600900.SH,20250612,30.16,30.33,30.02,30.19,30.18,0.01,0.0331,631838.72,1906275.622
600900.SH,20250613,30.19,30.66,30.18,30.62,30.19,0.43,1.4243,1044234.26,3184688.177
600900.SH,20250616,30.55,30.62,30.3,30.46,30.62,-0.16,-0.5225,516553.91,1573740.481
600900.SH,20250617,30.45,30.7,30.06,30.67,30.46,0.21,0.6894,788985.66,2399315.252
600900.SH,20250618,30.6,30.86,30.57,30.71,30.67,0.04,0.1304,621720.76,1912522.039
600900.SH,20250619,30.8,30.84,30.58,30.72,30.71,0.01,0.0326,559305.74,1716728.361
600900.SH,20250620,30.72,30.83,30.38,30.4,30.72,-0.32,-1.0417,561603.4,1716057.582
600900.SH,20250623,30.38,30.76,30.28,30.65,30.4,0.25,0.8224,588009.21,1794276.498
600900.SH,20250624,30.61,30.81,30.53,30.58,30.65,-0.07,-0.2284,788400.02,2415321.534
600900.SH,20250625,30.48,30.95,30.4,30.88,30.58,0.3,0.981,783706.66,2407314.283
600900.SH,20250626,30.88,31.19,30.86,31.11,30.88,0.23,0.7448,705648.56,2189373.11
600900.SH,20250627,31.16,31.16,30.2,30.22,31.11,-0.89,-2.8608,1474530.09,4499854.721
600900.SH,20250630,30.23,30.42,30.1,30.14,30.22,-0.08,-0.2647,755184.56,2282994.819
600900.SH,20250701,30.2,30.52,30.15,30.37,30.14,0.23,0.7631,594762.75,1806986.262
600900.SH,20250702,30.4,30.48,30.22,30.25,30.37,-0.12,-0.3951,571834.95,1734049.631
600900.SH,20250703,30.26,30.28,29.85,30.09,30.25,-0.16,-0.5289,936811.23,2811204.131
600900.SH,20250704,30.06,30.29,30.01,30.16,30.09,0.07,0.2326,679228.05,2048728.031
600900.SH,20250707,30.24,30.28,30.07,30.26,30.16,0.1,0.3316,508278.48,1534745.747
600900.SH,20250708,30.27,30.27,29.91,29.92,30.26,-0.34,-1.1236,1073286.01,3219638.664
600900.SH,20250709,29.95,30.1,29.85,29.98,29.92,0.06,0.2005,670383.21,2011578.386
600900.SH,20250710,30.0,30.08,29.8,29.9,29.98,-0.08,-0.2668,947643.05,2835522.287
600900.SH,20250711,29.92,30.59,29.87,30.4,29.9,0.5,1.6722,1642154.79,4984368.453
600900.SH,20250714,30.42,30.79,30.4,30.61,30.4,0.21,0.6908,771547.17,2363137.312
600900.SH,20250715,30.61,30.68,30.35,30.48,30.61,-0.13,-0.4247,562461.57,1714077.283
600900.SH,20250716,30.6,30.66,30.33,30.34,30.48,-0.14,-0.4593,386213.46,1174692.478
600900.SH,20250717,30.32,30.4,30.12,30.16,30.34,-0.18,-0.5933,614655.48,1855170.425
600900.SH,20250718,29.54,29.6,29.35,29.5,29.43,0.07,0.2379,601701.9,1774601.208
600900.SH,20250721,29.7,29.86,29.42,29.51,29.5,0.01,0.0339,778276.54,2301161.415
600900.SH,20250722,29.46,29.51,29.28,29.36,29.51,-0.15,-0.5083,943940.47,2772595.624
600900.SH,20250723,29.41,29.45,29.17,29.18,29.36,-0.18,-0.6131,1073549.45,3142732.507
600900.SH,20250724,29.19,29.19,28.8,28.94,29.18,-0.24,-0.8225,1668827.68,4823718.576
600900.SH,20250725,28.86,28.98,28.75,28.75,28.94,-0.19,-0.6565,1008790.9,2910198.554
600900.SH,20250728,28.75,28.84,28.6,28.64,28.75,-0.11,-0.3826,844450.6,2421911.286
600900.SH,20250729,28.61,28.74,28.6,28.63,28.64,-0.01,-0.0349,717720.13,2057394.625
600900.SH,20250730,28.64,28.94,28.64,28.7,28.63,0.07,0.2445,978280.42,2814742.121
600900.SH,20250731,28.42,28.42,27.7,27.84,28.7,-0.86,-2.9965,2579698.28,7209401.327
600900.SH,20250801,27.79,28.05,27.68,27.99,27.84,0.15,0.5388,981486.06,2738151.406
600900.SH,20250804,27.9,28.17,27.8,28.14,27.99,0.15,0.5359,823203.72,2311780.582
600900.SH,20250805,28.14,28.18,27.96,28.1,28.14,-0.04,-0.1421,787152.7,2209870.18
600900.SH,20250806,28.09,28.12,27.87,27.97,28.1,-0.13,-0.4626,1144934.79,3198859.437
600900.SH,20250807,27.94,28.18,27.84,28.06,27.97,0.09,0.3218,1051956.76,2948188.366
600900.SH,20250808,28.06,28.08,27.86,27.86,28.06,-0.2,-0.7128,824972.1,2304820.604
600900.SH,20250811,27.86,27.88,27.51,27.69,27.86,-0.17,-0.6102,1243550.56,3436843.944
600900.SH,20250812,27.69,27.88,27.64,27.76,27.69,0.07,0.2528,743183.9,2065281.068
600900.SH,20250813,27.77,27.85,27.61,27.63,27.76,-0.13,-0.4683,934256.87,2589154.7
600900.SH,20250814,27.62,27.89,27.6,27.66,27.63,0.03,0.1086,1017587.96,2824224.358
600900.SH,20250815,27.71,27.78,27.6,27.63,27.66,-0.03,-0.1085,1072302.33,2967736.757
600900.SH,20250818,27.64,27.72,27.55,27.64,27.63,0.01,0.0362,1147361.96,3169229.161
600900.SH,20250819,27.65,27.78,27.61,27.63,27.64,-0.01,-0.0362,1146023.98,3172704.27
600900.SH,20250820,27.6,27.74,27.46,27.69,27.63,0.06,0.2172,1022259.37,2820524.963
600900.SH,20250821,27.69,27.95,27.66,27.85,27.69,0.16,0.5778,1179347.54,3284359.052
600900.SH,20250822,27.88,27.92,27.7,27.87,27.85,0.02,0.0718,1032104.0,2866065.221
600900.SH,20250825,28.04,28.55,28.03,28.35,27.87,0.48,1.7223,2185666.04,6194362.996
600900.SH,20250826,28.35,28.4,28.21,28.31,28.35,-0.04,-0.1411,1130612.48,3198022.514
600900.SH,20250827,28.25,28.3,27.93,27.96,28.31,-0.35,-1.2363,1275324.14,3586735.277
600900.SH,20250828,27.95,27.99,27.69,27.87,27.96,-0.09,-0.3219,1092962.47,3043101.973
600900.SH,20250829,27.9,28.16,27.85,28.09,27.87,0.22,0.7894,1067298.46,2996376.746
600900.SH,20250901,28.1,28.1,27.71,27.79,28.09,-0.3,-1.068,1246086.67,3468108.875
600900.SH,20250902,27.7,28.29,27.7,28.21,27.79,0.42,1.5113,1751446.01,4918052.711
600900.SH,20250903,28.25,28.4,27.83,27.96,28.21,-0.25,-0.8862,1271331.13,3563092.89
600900.SH,20250904,27.94,28.3,27.71,28.23,27.96,0.27,0.9657,1758480.97,4929530.683
600900.SH,20250905,28.16,28.31,28.0,28.07,28.23,-0.16,-0.5668,1069513.08,3006365.138
600900.SH,20250908,28.02,28.22,28.0,28.15,28.07,0.08,0.285,900740.39,2532976.861
600900.SH,20250909,28.16,28.2,27.96,28.01,28.15,-0.14,-0.4973,761316.32,2134208.194
600900.SH,20250910,28.01,28.09,27.9,28.01,28.01,0.0,0.0,598614.83,1675916.918
600900.SH,20250911,28.0,28.11,27.92,28.0,28.01,-0.01,-0.0357,1053966.56,2946879.049
600900.SH,20250912,28.0,28.15,27.9,27.93,28.0,-0.07,-0.25,929728.12,2603224.928
600900.SH,20250915,27.9,27.91,27.76,27.8,27.93,-0.13,-0.4654,725656.97,2016875.299
600900.SH,20250916,27.79,27.8,27.65,27.73,27.8,-0.07,-0.2518,575128.76,1594342.991
600900.SH,20250917,27.72,27.83,27.67,27.7,27.73,-0.03,-0.1082,614926.75,1704493.488
600900.SH,20250918,27.69,27.7,27.21,27.31,27.7,-0.39,-1.4079,1448432.97,3975030.224
600900.SH,20250919,27.32,27.35,27.12,27.2,27.31,-0.11,-0.4028,734670.22,1999478.366
600900.SH,20250922,27.1,27.25,27.02,27.12,27.2,-0.08,-0.2941,696830.94,1890783.496
600900.SH,20250923,27.12,27.39,27.03,27.32,27.12,0.2,0.7375,872473.25,2375221.478
600900.SH,20250924,27.28,27.53,27.24,27.25,27.32,-0.07,-0.2562,874412.99,2391918.904
600900.SH,20250925,27.21,27.33,27.08,27.29,27.25,0.04,0.1468,634292.58,1726865.388
600900.SH,20250926,27.3,27.55,27.24,27.47,27.29,0.18,0.6596,794087.06,2177282.26
600900.SH,20250929,27.43,27.5,27.19,27.3,27.47,-0.17,-0.6189,927031.0,2532328.827
600900.SH,20250930,27.35,27.36,27.21,27.25,27.3,-0.05,-0.1832,618827.74,1686097.117
600900.SH,20251009,27.21,27.7,27.15,27.68,27.25,0.43,1.578,1132499.09,3112861.218
600900.SH,20251010,27.65,27.79,27.51,27.73,27.68,0.05,0.1806,712605.02,1973210.96
600900.SH,20251013,27.7,27.9,27.4,27.79,27.73,0.06,0.2164,1174982.2,3255599.09
600900.SH,20251014,27.74,28.01,27.55,27.99,27.79,0.2,0.7197,1366699.04,3807496.908
600900.SH,20251015,27.98,28.15,27.77,27.93,27.99,-0.06,-0.2144,926323.29,2588206.846
600900.SH,20251016,27.85,28.17,27.84,28.16,27.93,0.23,0.8235,939734.94,2639404.753
600900.SH,20251017,28.13,28.38,28.06,28.11,28.16,-0.05,-0.1776,1147021.54,3235603.482
600900.SH,20251020,28.12,28.15,27.75,28.05,28.11,-0.06,-0.2134,914230.76,2555513.223
600900.SH,20251021,28.0,28.1,27.85,27.91,28.05,-0.14,-0.4991,801635.74,2239195.693
600900.SH,20251022,27.89,28.08,27.85,28.04,27.91,0.13,0.4658,619189.68,1734320.789
600900.SH,20251023,28.04,28.27,28.04,28.23,28.04,0.19,0.6776,785588.09,2215031.621
600900.SH,20251024,28.21,28.29,28.08,28.19,28.23,-0.04,-0.1417,770600.06,2172735.273
600900.SH,20251027,28.14,28.56,28.02,28.3,28.19,0.11,0.3902,1248426.35,3534388.258
600900.SH,20251028,28.26,28.54,28.26,28.46,28.3,0.16,0.5654,732635.65,2082899.503
600900.SH,20251029,28.46,28.46,28.26,28.29,28.46,-0.17,-0.5973,740543.03,2097455.018
600900.SH,20251030,28.29,28.56,28.19,28.47,28.29,0.18,0.6363,867173.76,2465019.759
600900.SH,20251031,28.46,28.46,27.93,28.1,28.47,-0.37,-1.2996,1184702.29,3332582.343
600900.SH,20251103,28.11,28.35,28.11,28.31,28.1,0.21,0.7473,613783.22,1735602.286
600900.SH,20251104,28.31,28.69,28.28,28.6,28.31,0.29,1.0244,1049428.89,2995456.129
600900.SH,20251105,28.63,28.69,28.4,28.42,28.6,-0.18,-0.6294,685791.15,1954741.549
600900.SH,20251106,28.39,28.6,28.36,28.5,28.42,0.08,0.2815,673928.32,1920939.279
600900.SH,20251107,28.51,28.64,28.43,28.52,28.5,0.02,0.0702,551417.84,1572837.493
600900.SH,20251110,28.52,28.59,28.39,28.53,28.52,0.01,0.0351,493344.59,1406140.642
600900.SH,20251111,28.53,28.72,28.47,28.62,28.53,0.09,0.3155,625175.78,1788389.426
600900.SH,20251112,28.7,28.88,28.61,28.61,28.62,-0.01,-0.0349,629704.97,1810844.126
600900.SH,20251113,28.62,28.73,28.26,28.44,28.61,-0.17,-0.5942,1012328.04,2874569.006
600900.SH,20251114,28.44,28.71,28.34,28.34,28.44,-0.1,-0.3516,747625.18,2134920.337
600900.SH,20251117,28.37,28.43,28.03,28.16,28.34,-0.18,-0.6351,725596.43,2041952.507
600900.SH,20251118,28.16,28.34,28.08,28.15,28.16,-0.01,-0.0355,590136.98,1664566.13
600900.SH,20251119,28.15,28.33,28.11,28.23,28.15,0.08,0.2842,481597.61,1359794.725
600900.SH,20251120,28.18,28.32,28.05,28.14,28.23,-0.09,-0.3188,576112.35,1624414.752
600900.SH,20251121,28.17,28.27,28.07,28.16,28.14,0.02,0.0711,919941.5,2591450.861
600900.SH,20251124,28.18,28.2,27.92,28.19,28.16,0.03,0.1065,971795.69,2725992.366
600900.SH,20251125,28.19,28.2,27.83,28.03,28.19,-0.16,-0.5676,929854.19,2602515.319
600900.SH,20251126,28.03,28.12,27.9,27.94,28.03,-0.09,-0.3211,662732.78,1854668.14
600900.SH,20251127,27.93,28.14,27.78,28.09,27.94,0.15,0.5369,768692.86,2152113.661
600900.SH,20251128,28.01,28.07,27.95,27.98,28.09,-0.11,-0.3916,590180.67,1651765.723
600900.SH,20251201,28.05,28.15,27.99,28.07,27.98,0.09,0.3217,582523.94,1634524.009
600900.SH,20251202,28.03,28.27,28.02,28.26,28.07,0.19,0.6769,748779.62,2111131.853
600900.SH,20251203,28.25,28.36,28.21,28.27,28.26,0.01,0.0354,445599.66,1260442.579
600900.SH,20251204,28.3,28.32,28.17,28.24,28.27,-0.03,-0.1061,379967.06,1072988.579
600900.SH,20251205,28.24,28.24,28.02,28.07,28.24,-0.17,-0.602,544975.5,1531066.285
600900.SH,20251208,28.07,28.1,27.86,27.87,28.07,-0.2,-0.7125,754265.06,2109155.093
600900.SH,20251209,27.93,28.04,27.9,27.97,27.87,0.1,0.3588,512302.07,1432281.938
600900.SH,20251210,27.93,28.07,27.85,27.89,27.97,-0.08,-0.286,585389.54,1634914.947
600900.SH,20251211,27.92,27.94,27.75,27.86,27.89,-0.03,-0.1076,695636.24,1936057.504
600900.SH,20251212,27.85,28.05,27.81,28.04,27.86,0.18,0.6461,898708.32,2509907.08
600900.SH,20251215,27.99,28.15,27.96,28.04,28.04,0.0,0.0,539466.13,1514955.53
600900.SH,20251216,28.06,28.08,27.82,27.97,28.04,-0.07,-0.2496,679077.46,1896170.505
600900.SH,20251217,27.93,28.0,27.84,27.92,27.97,-0.05,-0.1788,592436.13,1653641.726
600900.SH,20251218,27.92,28.09,27.89,28.08,27.92,0.16,0.5731,464197.94,1300956.749
600900.SH,20251219,28.03,28.08,27.82,27.85,28.08,-0.23,-0.8191,799993.14,2233930.352
600900.SH,20251222,27.84,27.86,27.5,27.54,27.85,-0.31,-1.1131,1564033.93,4316199.315
600900.SH,20251223,27.5,27.74,27.48,27.72,27.54,0.18,0.6536,709451.12,1962122.211
600900.SH,20251224,27.71,27.71,27.55,27.64,27.72,-0.08,-0.2886,499942.8,1381469.831
600900.SH,20251225,27.63,27.68,27.57,27.64,27.64,0.0,0.0,300805.76,831149.451
600900.SH,20251226,27.61,27.67,27.52,27.64,27.64,0.0,0.0,482593.39,1332687.115
600900.SH,20251229,27.64,27.64,27.5,27.52,27.64,-0.12,-0.4342,689033.36,1897569.339
600900.SH,20251230,27.5,27.5,27.32,27.32,27.52,-0.2,-0.7267,724247.0,1982353.612
600900.SH,20251231,27.35,27.37,27.17,27.19,27.32,-0.13,-0.4758,742930.24,2021839.64
600900.SH,20260105,27.2,27.31,27.1,27.28,27.19,0.09,0.331,765691.31,2084118.017
600900.SH,20260106,27.3,27.44,27.24,27.44,27.28,0.16,0.5865,738436.81,2020307.561
600900.SH,20260107,27.44,27.45,27.22,27.23,27.44,-0.21,-0.7653,721701.95,1970227.485
600900.SH,20260108,27.23,27.3,27.19,27.26,27.23,0.03,0.1102,470572.75,1282365.975
600900.SH,20260109,27.27,27.29,27.18,27.29,27.26,0.03,0.1101,629034.53,1713592.955
600900.SH,20260112,27.29,27.45,27.22,27.4,27.29,0.11,0.4031,784355.54,2145881.938
600900.SH,20260113,27.45,27.57,27.32,27.36,27.4,-0.04,-0.146,785384.92,2154672.433
600900.SH,20260114,27.45,27.54,26.8,26.81,27.36,-0.55,-2.0102,2927500.88,7941387.446
600900.SH,20260115,26.98,27.01,26.77,26.82,26.81,0.01,0.0373,1259274.47,3382187.545
600900.SH,20260116,26.88,27.03,26.44,26.52,26.82,-0.3,-1.1186,2388546.3,6368509.096
600900.SH,20260119,26.61,26.92,26.6,26.8,26.52,0.28,1.0558,1047218.13,2803299.152
600900.SH,20260120,26.8,26.94,26.73,26.88,26.8,0.08,0.2985,1050033.77,2822226.858
600900.SH,20260121,26.89,26.9,26.55,26.58,26.88,-0.3,-1.1161,1163281.62,3105540.544
600900.SH,20260122,26.58,26.72,26.3,26.31,26.58,-0.27,-1.0158,1807849.66,4779737.327
600900.SH,20260123,26.36,26.42,25.96,26.0,26.31,-0.31,-1.1783,2106915.13,5502988.264
600900.SH,20260126,26.05,26.28,25.86,25.98,26.0,-0.02,-0.0769,2028697.96,5283656.766
600900.SH,20260127,25.98,26.14,25.86,25.93,25.98,-0.05,-0.1925,1313814.83,3416663.13
600900.SH,20260128,25.93,25.94,25.61,25.65,25.93,-0.28,-1.0798,2326497.6,5985858.969
600900.SH,20260129,25.65,26.2,25.38,26.03,25.65,0.38,1.4815,2616230.32,6732321.039
600900.SH,20260130,26.04,26.57,26.04,26.36,26.03,0.33,1.2678,2238492.39,5906700.028
600900.SH,20260202,26.49,26.55,26.09,26.14,26.36,-0.22,-0.8346,1242256.65,3267262.732
600900.SH,20260203,26.2,26.23,25.91,26.0,26.14,-0.14,-0.5356,885438.15,2302972.625
600900.SH,20260204,25.97,26.39,25.95,26.38,26.0,0.38,1.4615,957051.81,2512165.683
600900.SH,20260205,26.42,26.69,26.35,26.6,26.38,0.22,0.834,1032447.5,2739767.94
600900.SH,20260206,26.6,26.77,26.38,26.52,26.6,-0.08,-0.3008,725626.8,1922388.504
600900.SH,20260209,26.53,26.57,26.28,26.46,26.52,-0.06,-0.2262,678291.25,1792121.462
600900.SH,20260210,26.46,26.6,26.37,26.57,26.46,0.11,0.4157,559201.01,1483185.481
600900.SH,20260211,26.58,26.59,26.41,26.48,26.57,-0.09,-0.3387,533882.46,1412807.447
600900.SH,20260212,26.27,26.3,26.05,26.12,26.27,-0.15,-0.571,737342.37,1925902.011
600900.SH,20260213,26.13,26.18,25.95,26.0,26.12,-0.12,-0.4594,715540.68,1863613.082
600900.SH,20260224,26.13,26.16,25.98,26.05,26.0,0.05,0.1923,730789.39,1903435.481
600900.SH,20260225,26.08,26.2,25.95,25.97,26.05,-0.08,-0.3071,956209.54,2492461.852
600900.SH,20260226,25.98,26.09,25.93,26.04,25.97,0.07,0.2695,619771.69,1611605.301
600900.SH,20260227,26.05,26.18,26.02,26.04,26.04,0.0,0.0,919037.82,2396913.236
600900.SH,20260302,26.12,26.65,26.12,26.57,26.04,0.53,2.0353,1817728.88,4815661.932
600900.SH,20260303,26.57,27.1,26.53,26.97,26.57,0.4,1.5055,2145546.53,5763725.302
600900.SH,20260304,26.8,27.19,26.52,27.09,26.97,0.12,0.4449,1757354.43,4731660.303
600900.SH,20260305,26.98,27.24,26.84,27.08,27.09,-0.01,-0.0369,1329148.71,3600687.805
600900.SH,20260306,27.06,27.15,26.98,27.14,27.08,0.06,0.2216,878369.24,2377351.285
600900.SH,20260309,27.16,27.63,27.09,27.2,27.14,0.06,0.2211,2075027.99,5674816.795
600900.SH,20260310,27.01,27.24,26.73,27.15,27.2,-0.05,-0.1838,1192857.15,3217091.405
600900.SH,20260311,27.15,27.31,26.95,27.3,27.15,0.15,0.5525,897445.46,2439249.557
600900.SH,20260312,27.32,27.5,27.16,27.5,27.3,0.2,0.7326,1078962.09,2951508.824
600900.SH,20260313,27.5,27.63,27.35,27.42,27.5,-0.08,-0.2909,942776.29,2590387.28
600900.SH,20260316,27.42,27.5,27.24,27.36,27.42,-0.06,-0.2188,872037.87,2388063.54
600900.SH,20260317,27.32,27.57,27.28,27.49,27.36,0.13,0.4751,850288.95,2338113.044
600900.SH,20260318,27.48,27.65,27.24,27.29,27.49,-0.2,-0.7275,800289.92,2191462.951
600900.SH,20260319,27.27,27.48,27.2,27.26,27.29,-0.03,-0.1099,1015257.81,2777309.817
600900.SH,20260320,27.26,27.39,27.02,27.18,27.26,-0.08,-0.2935,845555.09,2299198.422
600900.SH,20260323,27.07,27.26,26.66,26.74,27.18,-0.44,-1.6188,1757271.3,4727621.378
600900.SH,20260324,26.9,27.13,26.72,27.1,26.74,0.36,1.3463,910767.18,2455035.706
600900.SH,20260325,27.15,27.27,26.92,27.21,27.1,0.11,0.4059,860545.05,2335396.506
600900.SH,20260326,27.19,27.45,27.1,27.31,27.21,0.1,0.3675,845013.7,2305295.042
600900.SH,20260327,27.28,27.4,27.18,27.25,27.31,-0.06,-0.2197,685517.22,1869448.582
600900.SH,20260330,27.25,27.25,27.01,27.14,27.25,-0.11,-0.4037,692780.6,1880990.759
600900.SH,20260331,27.14,27.33,27.04,27.04,27.14,-0.1,-0.3685,802588.84,2181329.248
600900.SH,20260401,27.12,27.12,26.84,26.88,27.04,-0.16,-0.5917,906081.71,2440214.452
600900.SH,20260402,26.9,27.02,26.76,27.01,26.88,0.13,0.4836,739848.93,1988851.813
600900.SH,20260403,27.0,27.0,26.66,26.7,27.01,-0.31,-1.1477,656276.8,1757122.436
600900.SH,20260407,26.71,26.75,26.4,26.48,26.7,-0.22,-0.824,726271.79,1926064.162
600900.SH,20260408,26.52,26.58,26.39,26.58,26.48,0.1,0.3776,806199.77,2138241.99
600900.SH,20260409,26.58,26.58,26.31,26.39,26.58,-0.19,-0.7148,691284.54,1824031.017
600900.SH,20260410,26.47,26.5,26.32,26.4,26.39,0.01,0.0379,665589.04,1756489.575
600900.SH,20260413,26.39,26.43,26.24,26.42,26.4,0.02,0.0758,626263.92,1648289.578
600900.SH,20260414,26.42,26.5,26.32,26.42,26.42,0.0,0.0,701165.97,1848972.432
600900.SH,20260415,26.41,26.67,26.36,26.55,26.42,0.13,0.4921,970565.86,2576891.492
600900.SH,20260416,26.56,26.7,26.52,26.55,26.55,0.0,0.0,719585.95,1912488.03
600900.SH,20260417,26.55,26.58,26.38,26.38,26.55,-0.17,-0.6403,836066.71,2214978.373
600900.SH,20260420,26.41,26.84,26.41,26.84,26.38,0.46,1.7437,950417.99,2538195.456
600900.SH,20260421,26.86,27.15,26.85,27.13,26.84,0.29,1.0805,904432.49,2446267.987
600900.SH,20260422,27.13,27.13,26.82,26.86,27.13,-0.27,-0.9952,741609.24,1997674.385
600900.SH,20260423,26.86,27.01,26.66,26.95,26.86,0.09,0.3351,845908.0,2270225.989
600900.SH,20260424,26.91,26.95,26.75,26.81,26.95,-0.14,-0.5195,564464.4,1514495.496
600900.SH,20260427,26.8,26.85,26.62,26.66,26.81,-0.15,-0.5595,562598.68,1504214.891
600900.SH,20260428,26.68,26.78,26.61,26.73,26.66,0.07,0.2626,700607.77,1869479.612
600900.SH,20260429,26.71,26.8,26.6,26.77,26.73,0.04,0.1496,855961.19,2284682.165
600900.SH,20260430,27.09,27.42,26.94,27.32,26.77,0.55,2.0545,1914637.37,5218424.711
600900.SH,20260506,27.34,27.34,27.04,27.2,27.32,-0.12,-0.4392,1237749.54,3359761.259
600900.SH,20260507,27.18,27.2,26.9,27.05,27.2,-0.15,-0.5515,973283.07,2633218.235
600900.SH,20260508,27.06,27.16,26.98,27.0,27.05,-0.05,-0.1848,804423.1,2173718.079
600900.SH,20260511,27.05,27.2,26.95,27.01,27.0,0.01,0.037,1030952.75,2787957.982
600900.SH,20260512,27.01,27.17,26.91,27.04,27.01,0.03,0.1111,1011762.33,2738732.723
600900.SH,20260513,27.08,27.29,26.97,27.0,27.04,-0.04,-0.1479,1396919.41,3785965.443
600900.SH,20260514,26.98,27.08,26.85,26.94,27.0,-0.06,-0.2222,1102942.32,2971318.672
600900.SH,20260515,26.9,27.15,26.72,27.03,26.94,0.09,0.3341,1187554.88,3202012.497
600900.SH,20260518,27.04,27.18,26.81,26.89,27.03,-0.14,-0.5179,915897.69,2465321.894
600900.SH,20260519,26.89,27.35,26.77,27.25,26.89,0.36,1.3388,1725645.85,4692289.634
600900.SH,20260520,27.25,27.28,26.87,26.9,27.25,-0.35,-1.2844,1284344.36,3473080.686
600900.SH,20260521,26.86,26.97,26.63,26.66,26.9,-0.24,-0.8922,1166100.37,3127663.67
600900.SH,20260522,26.73,26.76,26.5,26.56,26.66,-0.1,-0.3751,915888.15,2436330.692
600900.SH,20260525,26.6,26.83,26.55,26.67,26.56,0.11,0.4142,841543.93,2245695.731
600900.SH,20260526,26.66,27.15,26.59,27.14,26.67,0.47,1.7623,1626529.81,4397744.505
600900.SH,20260527,27.06,27.33,27.01,27.24,27.14,0.1,0.3685,1112715.4,3026248.64
600900.SH,20260528,27.25,27.37,27.11,27.22,27.24,-0.02,-0.0734,1146573.18,3124821.006
600900.SH,20260529,27.2,27.76,27.08,27.75,27.22,0.53,1.9471,2134370.57,5888377.325
600900.SH,20260601,27.74,27.87,27.55,27.77,27.75,0.02,0.0721,1392780.66,3861503.134
600900.SH,20260602,27.82,28.15,27.62,27.96,27.77,0.19,0.6842,1257574.46,3513868.172
600900.SH,20260603,27.85,27.98,27.51,27.89,27.96,-0.07,-0.2504,1143005.88,3168757.471
600900.SH,20260604,27.83,27.96,27.61,27.72,27.89,-0.17,-0.6095,874972.29,2430916.403
600900.SH,20260605,27.72,28.1,27.51,27.61,27.72,-0.11,-0.3968,1094135.63,3042122.314
600900.SH,20260608,27.5,27.61,27.26,27.51,27.61,-0.1,-0.3622,1180654.67,3238081.015
600900.SH,20260609,27.51,27.7,27.39,27.63,27.51,0.12,0.4362,882535.97,2433424.842
600900.SH,20260610,27.6,27.82,27.43,27.69,27.63,0.06,0.2172,887500.11,2457850.309
600900.SH,20260611,27.69,27.95,27.6,27.89,27.69,0.2,0.7223,991250.1,2759358.768
600900.SH,20260612,27.77,28.29,27.67,28.28,27.89,0.39,1.3984,1494245.23,4191923.9
600900.SH,20260615,28.24,28.24,27.39,27.57,28.28,-0.71,-2.5106,2076611.58,5743667.948
600900.SH,20260616,27.41,27.45,27.14,27.19,27.57,-0.38,-1.3783,1205992.99,3287063.796
600900.SH,20260617,27.22,27.27,26.91,27.0,27.19,-0.19,-0.6988,1034441.5,2794894.312
600900.SH,20260618,26.93,26.98,26.65,26.66,27.0,-0.34,-1.2593,1295944.98,3466900.701
600900.SH,20260622,26.66,27.09,26.51,26.94,26.66,0.28,1.0503,1497328.67,4009564.149
600900.SH,20260623,26.93,27.25,26.86,26.87,26.94,-0.07,-0.2598,1185654.7,3206812.85
600900.SH,20260624,26.87,27.0,26.56,26.6,26.87,-0.27,-1.0048,1134560.72,3026880.697
600900.SH,20260625,26.5,26.58,26.2,26.22,26.6,-0.38,-1.4286,1321875.74,3482768.792
600900.SH,20260626,26.25,26.72,26.15,26.65,26.22,0.43,1.64,1282651.88,3395741.671
600900.SH,20260629,26.55,26.9,26.26,26.84,26.65,0.19,0.7129,1232579.06,3286300.313
600900.SH,20260630,26.71,26.84,26.38,26.47,26.84,-0.37,-1.3785,1022776.53,2712032.641
600900.SH,20260701,26.44,26.72,26.36,26.64,26.47,0.17,0.6422,909397.56,2417436.712
600900.SH,20260702,26.79,27.09,26.55,26.95,26.64,0.31,1.1637,1400553.04,3761292.696
600900.SH,20260703,26.96,27.23,26.81,27.05,26.95,0.1,0.3711,1028243.27,2779267.352
600900.SH,20260706,26.91,27.2,26.78,27.19,27.05,0.14,0.5176,924577.31,2502075.78
600900.SH,20260707,27.19,27.46,27.05,27.41,27.19,0.22,0.8091,1268220.3,3460604.485
600900.SH,20260708,27.38,28.15,27.25,27.83,27.41,0.42,1.5323,1648440.14,4582942.182
600900.SH,20260709,27.7,27.85,27.53,27.77,27.83,-0.06,-0.2156,1160399.36,3214016.729
600900.SH,20260710,27.75,28.12,27.6,28.03,27.77,0.26,0.9363,1470742.95,4103252.83
600900.SH,20260713,27.93,28.48,27.8,28.42,28.03,0.39,1.3914,2008092.14,5671275.769
